kind,ok,status,dur_s,tokens,bytes,error
stream,0,,0.1694,0,0,"[SSL: CERTIFICATE_VERIFY_FAILED] certificate verify failed: Hostname mismatch, certificate is not valid for '%3Cpod%3E-8000.proxy.runpod.net'. (_ssl.c:1028)"
health,0,,0.1944,0,0,"[SSL: CERTIFICATE_VERIFY_FAILED] certificate verify failed: Hostname mismatch, certificate is not valid for '%3Cpod%3E-8000.proxy.runpod.net'. (_ssl.c:1028)"
stream,0,,0.2049,0,0,"[SSL: CERTIFICATE_VERIFY_FAILED] certificate verify failed: Hostname mismatch, certificate is not valid for '%3Cpod%3E-8000.proxy.runpod.net'. (_ssl.c:1028)"
chat,0,,0.1968,0,0,"[SSL: CERTIFICATE_VERIFY_FAILED] certificate verify failed: Hostname mismatch, certificate is not valid for '%3Cpod%3E-8000.proxy.runpod.net'. (_ssl.c:1028)"
summary,0,,0.2079,0,0,"[SSL: CERTIFICATE_VERIFY_FAILED] certificate verify failed: Hostname mismatch, certificate is not valid for '%3Cpod%3E-8000.proxy.runpod.net'. (_ssl.c:1028)"
summary,0,,0.2090,0,0,"[SSL: CERTIFICATE_VERIFY_FAILED] certificate verify failed: Hostname mismatch, certificate is not valid for '%3Cpod%3E-8000.proxy.runpod.net'. (_ssl.c:1028)"
chat,0,,0.2405,0,0,"[SSL: CERTIFICATE_VERIFY_FAILED] certificate verify failed: Hostname mismatch, certificate is not valid for '%3Cpod%3E-8000.proxy.runpod.net'. (_ssl.c:1028)"
stream,0,,0.2753,0,0,"[SSL: CERTIFICATE_VERIFY_FAILED] certificate verify failed: Hostname mismatch, certificate is not valid for '%3Cpod%3E-8000.proxy.runpod.net'. (_ssl.c:1028)"
stream,0,,0.3134,0,0,"[SSL: CERTIFICATE_VERIFY_FAILED] certificate verify failed: Hostname mismatch, certificate is not valid for '%3Cpod%3E-8000.proxy.runpod.net'. (_ssl.c:1028)"
chat,0,,0.0899,0,0,"[SSL: CERTIFICATE_VERIFY_FAILED] certificate verify failed: Hostname mismatch, certificate is not valid for '%3Cpod%3E-8000.proxy.runpod.net'. (_ssl.c:1028)"
chat,0,,0.1001,0,0,"[SSL: CERTIFICATE_VERIFY_FAILED] certificate verify failed: Hostname mismatch, certificate is not valid for '%3Cpod%3E-8000.proxy.runpod.net'. (_ssl.c:1028)"
chat,0,,0.0976,0,0,"[SSL: CERTIFICATE_VERIFY_FAILED] certificate verify failed: Hostname mismatch, certificate is not valid for '%3Cpod%3E-8000.proxy.runpod.net'. (_ssl.c:1028)"
stream,0,,0.0954,0,0,"[SSL: CERTIFICATE_VERIFY_FAILED] certificate verify failed: Hostname mismatch, certificate is not valid for '%3Cpod%3E-8000.proxy.runpod.net'. (_ssl.c:1028)"
stream,0,,0.0856,0,0,"[SSL: CERTIFICATE_VERIFY_FAILED] certificate verify failed: Hostname mismatch, certificate is not valid for '%3Cpod%3E-8000.proxy.runpod.net'. (_ssl.c:1028)"
chat,0,,0.1178,0,0,"[SSL: CERTIFICATE_VERIFY_FAILED] certificate verify failed: Hostname mismatch, certificate is not valid for '%3Cpod%3E-8000.proxy.runpod.net'. (_ssl.c:1028)"
stream,0,,0.0887,0,0,"[SSL: CERTIFICATE_VERIFY_FAILED] certificate verify failed: Hostname mismatch, certificate is not valid for '%3Cpod%3E-8000.proxy.runpod.net'. (_ssl.c:1028)"
stream,0,,0.0845,0,0,"[SSL: CERTIFICATE_VERIFY_FAILED] certificate verify failed: Hostname mismatch, certificate is not valid for '%3Cpod%3E-8000.proxy.runpod.net'. (_ssl.c:1028)"
stream,0,,0.0975,0,0,"[SSL: CERTIFICATE_VERIFY_FAILED] certificate verify failed: Hostname mismatch, certificate is not valid for '%3Cpod%3E-8000.proxy.runpod.net'. (_ssl.c:1028)"
stream,0,,0.1027,0,0,"[SSL: CERTIFICATE_VERIFY_FAILED] certificate verify failed: Hostname mismatch, certificate is not valid for '%3Cpod%3E-8000.proxy.runpod.net'. (_ssl.c:1028)"
summary,0,,0.1220,0,0,"[SSL: CERTIFICATE_VERIFY_FAILED] certificate verify failed: Hostname mismatch, certificate is not valid for '%3Cpod%3E-8000.proxy.runpod.net'. (_ssl.c:1028)"
chat,0,,0.1168,0,0,"[SSL: CERTIFICATE_VERIFY_FAILED] certificate verify failed: Hostname mismatch, certificate is not valid for '%3Cpod%3E-8000.proxy.runpod.net'. (_ssl.c:1028)"
health,0,,0.0950,0,0,"[SSL: CERTIFICATE_VERIFY_FAILED] certificate verify failed: Hostname mismatch, certificate is not valid for '%3Cpod%3E-8000.proxy.runpod.net'. (_ssl.c:1028)"
chat,0,,0.0940,0,0,"[SSL: CERTIFICATE_VERIFY_FAILED] certificate verify failed: Hostname mismatch, certificate is not valid for '%3Cpod%3E-8000.proxy.runpod.net'. (_ssl.c:1028)"
stream,0,,0.1043,0,0,"[SSL: CERTIFICATE_VERIFY_FAILED] certificate verify failed: Hostname mismatch, certificate is not valid for '%3Cpod%3E-8000.proxy.runpod.net'. (_ssl.c:1028)"
chat,0,,0.0983,0,0,"[SSL: CERTIFICATE_VERIFY_FAILED] certificate verify failed: Hostname mismatch, certificate is not valid for '%3Cpod%3E-8000.proxy.runpod.net'. (_ssl.c:1028)"
chat,0,,0.3446,0,0,"[SSL: CERTIFICATE_VERIFY_FAILED] certificate verify failed: Hostname mismatch, certificate is not valid for '%3Cpod%3E-8000.proxy.runpod.net'. (_ssl.c:1028)"
stream,0,,0.0991,0,0,"[SSL: CERTIFICATE_VERIFY_FAILED] certificate verify failed: Hostname mismatch, certificate is not valid for '%3Cpod%3E-8000.proxy.runpod.net'. (_ssl.c:1028)"
chat,0,,0.0974,0,0,"[SSL: CERTIFICATE_VERIFY_FAILED] certificate verify failed: Hostname mismatch, certificate is not valid for '%3Cpod%3E-8000.proxy.runpod.net'. (_ssl.c:1028)"
summary,0,,0.0903,0,0,"[SSL: CERTIFICATE_VERIFY_FAILED] certificate verify failed: Hostname mismatch, certificate is not valid for '%3Cpod%3E-8000.proxy.runpod.net'. (_ssl.c:1028)"
stream,0,,0.0968,0,0,"[SSL: CERTIFICATE_VERIFY_FAILED] certificate verify failed: Hostname mismatch, certificate is not valid for '%3Cpod%3E-8000.proxy.runpod.net'. (_ssl.c:1028)"
stream,0,,0.0983,0,0,"[SSL: CERTIFICATE_VERIFY_FAILED] certificate verify failed: Hostname mismatch, certificate is not valid for '%3Cpod%3E-8000.proxy.runpod.net'. (_ssl.c:1028)"
stream,0,,0.0908,0,0,"[SSL: CERTIFICATE_VERIFY_FAILED] certificate verify failed: Hostname mismatch, certificate is not valid for '%3Cpod%3E-8000.proxy.runpod.net'. (_ssl.c:1028)"
chat,0,,0.0971,0,0,"[SSL: CERTIFICATE_VERIFY_FAILED] certificate verify failed: Hostname mismatch, certificate is not valid for '%3Cpod%3E-8000.proxy.runpod.net'. (_ssl.c:1028)"
stream,0,,0.0997,0,0,"[SSL: CERTIFICATE_VERIFY_FAILED] certificate verify failed: Hostname mismatch, certificate is not valid for '%3Cpod%3E-8000.proxy.runpod.net'. (_ssl.c:1028)"
stream,0,,0.0929,0,0,"[SSL: CERTIFICATE_VERIFY_FAILED] certificate verify failed: Hostname mismatch, certificate is not valid for '%3Cpod%3E-8000.proxy.runpod.net'. (_ssl.c:1028)"
chat,0,,0.0957,0,0,"[SSL: CERTIFICATE_VERIFY_FAILED] certificate verify failed: Hostname mismatch, certificate is not valid for '%3Cpod%3E-8000.proxy.runpod.net'. (_ssl.c:1028)"
summary,0,,0.1063,0,0,"[SSL: CERTIFICATE_VERIFY_FAILED] certificate verify failed: Hostname mismatch, certificate is not valid for '%3Cpod%3E-8000.proxy.runpod.net'. (_ssl.c:1028)"
stream,0,,0.1042,0,0,"[SSL: CERTIFICATE_VERIFY_FAILED] certificate verify failed: Hostname mismatch, certificate is not valid for '%3Cpod%3E-8000.proxy.runpod.net'. (_ssl.c:1028)"
summary,0,,0.1063,0,0,"[SSL: CERTIFICATE_VERIFY_FAILED] certificate verify failed: Hostname mismatch, certificate is not valid for '%3Cpod%3E-8000.proxy.runpod.net'. (_ssl.c:1028)"
chat,0,,0.1125,0,0,"[SSL: CERTIFICATE_VERIFY_FAILED] certificate verify failed: Hostname mismatch, certificate is not valid for '%3Cpod%3E-8000.proxy.runpod.net'. (_ssl.c:1028)"
stream,0,,0.1006,0,0,"[SSL: CERTIFICATE_VERIFY_FAILED] certificate verify failed: Hostname mismatch, certificate is not valid for '%3Cpod%3E-8000.proxy.runpod.net'. (_ssl.c:1028)"
chat,0,,0.1027,0,0,"[SSL: CERTIFICATE_VERIFY_FAILED] certificate verify failed: Hostname mismatch, certificate is not valid for '%3Cpod%3E-8000.proxy.runpod.net'. (_ssl.c:1028)"
chat,0,,0.0911,0,0,"[SSL: CERTIFICATE_VERIFY_FAILED] certificate verify failed: Hostname mismatch, certificate is not valid for '%3Cpod%3E-8000.proxy.runpod.net'. (_ssl.c:1028)"
chat,0,,0.0913,0,0,"[SSL: CERTIFICATE_VERIFY_FAILED] certificate verify failed: Hostname mismatch, certificate is not valid for '%3Cpod%3E-8000.proxy.runpod.net'. (_ssl.c:1028)"
chat,0,,0.0897,0,0,"[SSL: CERTIFICATE_VERIFY_FAILED] certificate verify failed: Hostname mismatch, certificate is not valid for '%3Cpod%3E-8000.proxy.runpod.net'. (_ssl.c:1028)"
health,0,,0.0906,0,0,"[SSL: CERTIFICATE_VERIFY_FAILED] certificate verify failed: Hostname mismatch, certificate is not valid for '%3Cpod%3E-8000.proxy.runpod.net'. (_ssl.c:1028)"
summary,0,,0.0933,0,0,"[SSL: CERTIFICATE_VERIFY_FAILED] certificate verify failed: Hostname mismatch, certificate is not valid for '%3Cpod%3E-8000.proxy.runpod.net'. (_ssl.c:1028)"
stream,0,,0.0880,0,0,"[SSL: CERTIFICATE_VERIFY_FAILED] certificate verify failed: Hostname mismatch, certificate is not valid for '%3Cpod%3E-8000.proxy.runpod.net'. (_ssl.c:1028)"
stream,0,,0.0869,0,0,"[SSL: CERTIFICATE_VERIFY_FAILED] certificate verify failed: Hostname mismatch, certificate is not valid for '%3Cpod%3E-8000.proxy.runpod.net'. (_ssl.c:1028)"
stream,0,,0.1046,0,0,"[SSL: CERTIFICATE_VERIFY_FAILED] certificate verify failed: Hostname mismatch, certificate is not valid for '%3Cpod%3E-8000.proxy.runpod.net'. (_ssl.c:1028)"
stream,0,,0.1019,0,0,"[SSL: CERTIFICATE_VERIFY_FAILED] certificate verify failed: Hostname mismatch, certificate is not valid for '%3Cpod%3E-8000.proxy.runpod.net'. (_ssl.c:1028)"
chat,0,,0.0888,0,0,"[SSL: CERTIFICATE_VERIFY_FAILED] certificate verify failed: Hostname mismatch, certificate is not valid for '%3Cpod%3E-8000.proxy.runpod.net'. (_ssl.c:1028)"
chat,0,,0.1023,0,0,"[SSL: CERTIFICATE_VERIFY_FAILED] certificate verify failed: Hostname mismatch, certificate is not valid for '%3Cpod%3E-8000.proxy.runpod.net'. (_ssl.c:1028)"
chat,0,,0.1078,0,0,"[SSL: CERTIFICATE_VERIFY_FAILED] certificate verify failed: Hostname mismatch, certificate is not valid for '%3Cpod%3E-8000.proxy.runpod.net'. (_ssl.c:1028)"
chat,0,,0.1115,0,0,"[SSL: CERTIFICATE_VERIFY_FAILED] certificate verify failed: Hostname mismatch, certificate is not valid for '%3Cpod%3E-8000.proxy.runpod.net'. (_ssl.c:1028)"
chat,0,,0.1045,0,0,"[SSL: CERTIFICATE_VERIFY_FAILED] certificate verify failed: Hostname mismatch, certificate is not valid for '%3Cpod%3E-8000.proxy.runpod.net'. (_ssl.c:1028)"
chat,0,,0.1202,0,0,"[SSL: CERTIFICATE_VERIFY_FAILED] certificate verify failed: Hostname mismatch, certificate is not valid for '%3Cpod%3E-8000.proxy.runpod.net'. (_ssl.c:1028)"
stream,0,,0.0958,0,0,"[SSL: CERTIFICATE_VERIFY_FAILED] certificate verify failed: Hostname mismatch, certificate is not valid for '%3Cpod%3E-8000.proxy.runpod.net'. (_ssl.c:1028)"
chat,0,,0.0876,0,0,"[SSL: CERTIFICATE_VERIFY_FAILED] certificate verify failed: Hostname mismatch, certificate is not valid for '%3Cpod%3E-8000.proxy.runpod.net'. (_ssl.c:1028)"
chat,0,,0.0965,0,0,"[SSL: CERTIFICATE_VERIFY_FAILED] certificate verify failed: Hostname mismatch, certificate is not valid for '%3Cpod%3E-8000.proxy.runpod.net'. (_ssl.c:1028)"
stream,0,,0.0930,0,0,"[SSL: CERTIFICATE_VERIFY_FAILED] certificate verify failed: Hostname mismatch, certificate is not valid for '%3Cpod%3E-8000.proxy.runpod.net'. (_ssl.c:1028)"
stream,0,,0.0982,0,0,"[SSL: CERTIFICATE_VERIFY_FAILED] certificate verify failed: Hostname mismatch, certificate is not valid for '%3Cpod%3E-8000.proxy.runpod.net'. (_ssl.c:1028)"
summary,0,,0.0931,0,0,"[SSL: CERTIFICATE_VERIFY_FAILED] certificate verify failed: Hostname mismatch, certificate is not valid for '%3Cpod%3E-8000.proxy.runpod.net'. (_ssl.c:1028)"
stream,0,,0.1002,0,0,"[SSL: CERTIFICATE_VERIFY_FAILED] certificate verify failed: Hostname mismatch, certificate is not valid for '%3Cpod%3E-8000.proxy.runpod.net'. (_ssl.c:1028)"
summary,0,,0.0987,0,0,"[SSL: CERTIFICATE_VERIFY_FAILED] certificate verify failed: Hostname mismatch, certificate is not valid for '%3Cpod%3E-8000.proxy.runpod.net'. (_ssl.c:1028)"
chat,0,,0.0991,0,0,"[SSL: CERTIFICATE_VERIFY_FAILED] certificate verify failed: Hostname mismatch, certificate is not valid for '%3Cpod%3E-8000.proxy.runpod.net'. (_ssl.c:1028)"
health,0,,0.0943,0,0,"[SSL: CERTIFICATE_VERIFY_FAILED] certificate verify failed: Hostname mismatch, certificate is not valid for '%3Cpod%3E-8000.proxy.runpod.net'. (_ssl.c:1028)"
stream,0,,0.1139,0,0,"[SSL: CERTIFICATE_VERIFY_FAILED] certificate verify failed: Hostname mismatch, certificate is not valid for '%3Cpod%3E-8000.proxy.runpod.net'. (_ssl.c:1028)"
stream,0,,0.1874,0,0,"[SSL: CERTIFICATE_VERIFY_FAILED] certificate verify failed: Hostname mismatch, certificate is not valid for '%3Cpod%3E-8000.proxy.runpod.net'. (_ssl.c:1028)"
summary,0,,0.0906,0,0,"[SSL: CERTIFICATE_VERIFY_FAILED] certificate verify failed: Hostname mismatch, certificate is not valid for '%3Cpod%3E-8000.proxy.runpod.net'. (_ssl.c:1028)"
chat,0,,0.0954,0,0,"[SSL: CERTIFICATE_VERIFY_FAILED] certificate verify failed: Hostname mismatch, certificate is not valid for '%3Cpod%3E-8000.proxy.runpod.net'. (_ssl.c:1028)"
stream,0,,0.0905,0,0,"[SSL: CERTIFICATE_VERIFY_FAILED] certificate verify failed: Hostname mismatch, certificate is not valid for '%3Cpod%3E-8000.proxy.runpod.net'. (_ssl.c:1028)"
chat,0,,0.0890,0,0,"[SSL: CERTIFICATE_VERIFY_FAILED] certificate verify failed: Hostname mismatch, certificate is not valid for '%3Cpod%3E-8000.proxy.runpod.net'. (_ssl.c:1028)"
chat,0,,0.0889,0,0,"[SSL: CERTIFICATE_VERIFY_FAILED] certificate verify failed: Hostname mismatch, certificate is not valid for '%3Cpod%3E-8000.proxy.runpod.net'. (_ssl.c:1028)"
chat,0,,0.1004,0,0,"[SSL: CERTIFICATE_VERIFY_FAILED] certificate verify failed: Hostname mismatch, certificate is not valid for '%3Cpod%3E-8000.proxy.runpod.net'. (_ssl.c:1028)"
chat,0,,0.1105,0,0,"[SSL: CERTIFICATE_VERIFY_FAILED] certificate verify failed: Hostname mismatch, certificate is not valid for '%3Cpod%3E-8000.proxy.runpod.net'. (_ssl.c:1028)"
stream,0,,0.1210,0,0,"[SSL: CERTIFICATE_VERIFY_FAILED] certificate verify failed: Hostname mismatch, certificate is not valid for '%3Cpod%3E-8000.proxy.runpod.net'. (_ssl.c:1028)"
stream,0,,0.0888,0,0,"[SSL: CERTIFICATE_VERIFY_FAILED] certificate verify failed: Hostname mismatch, certificate is not valid for '%3Cpod%3E-8000.proxy.runpod.net'. (_ssl.c:1028)"
summary,0,,0.0930,0,0,"[SSL: CERTIFICATE_VERIFY_FAILED] certificate verify failed: Hostname mismatch, certificate is not valid for '%3Cpod%3E-8000.proxy.runpod.net'. (_ssl.c:1028)"
stream,0,,0.0931,0,0,"[SSL: CERTIFICATE_VERIFY_FAILED] certificate verify failed: Hostname mismatch, certificate is not valid for '%3Cpod%3E-8000.proxy.runpod.net'. (_ssl.c:1028)"
chat,0,,0.0871,0,0,"[SSL: CERTIFICATE_VERIFY_FAILED] certificate verify failed: Hostname mismatch, certificate is not valid for '%3Cpod%3E-8000.proxy.runpod.net'. (_ssl.c:1028)"
summary,0,,0.0958,0,0,"[SSL: CERTIFICATE_VERIFY_FAILED] certificate verify failed: Hostname mismatch, certificate is not valid for '%3Cpod%3E-8000.proxy.runpod.net'. (_ssl.c:1028)"
stream,0,,0.1863,0,0,"[SSL: CERTIFICATE_VERIFY_FAILED] certificate verify failed: Hostname mismatch, certificate is not valid for '%3Cpod%3E-8000.proxy.runpod.net'. (_ssl.c:1028)"
chat,0,,0.0904,0,0,"[SSL: CERTIFICATE_VERIFY_FAILED] certificate verify failed: Hostname mismatch, certificate is not valid for '%3Cpod%3E-8000.proxy.runpod.net'. (_ssl.c:1028)"
stream,0,,0.0880,0,0,"[SSL: CERTIFICATE_VERIFY_FAILED] certificate verify failed: Hostname mismatch, certificate is not valid for '%3Cpod%3E-8000.proxy.runpod.net'. (_ssl.c:1028)"
health,0,,0.0891,0,0,"[SSL: CERTIFICATE_VERIFY_FAILED] certificate verify failed: Hostname mismatch, certificate is not valid for '%3Cpod%3E-8000.proxy.runpod.net'. (_ssl.c:1028)"
stream,0,,0.8487,0,0,"[SSL: CERTIFICATE_VERIFY_FAILED] certificate verify failed: Hostname mismatch, certificate is not valid for '%3Cpod%3E-8000.proxy.runpod.net'. (_ssl.c:1028)"
stream,0,,0.7335,0,0,"[SSL: CERTIFICATE_VERIFY_FAILED] certificate verify failed: Hostname mismatch, certificate is not valid for '%3Cpod%3E-8000.proxy.runpod.net'. (_ssl.c:1028)"
stream,0,,0.9818,0,0,"[SSL: CERTIFICATE_VERIFY_FAILED] certificate verify failed: Hostname mismatch, certificate is not valid for '%3Cpod%3E-8000.proxy.runpod.net'. (_ssl.c:1028)"
chat,0,,0.7154,0,0,"[SSL: CERTIFICATE_VERIFY_FAILED] certificate verify failed: Hostname mismatch, certificate is not valid for '%3Cpod%3E-8000.proxy.runpod.net'. (_ssl.c:1028)"
summary,0,,0.5582,0,0,"[SSL: CERTIFICATE_VERIFY_FAILED] certificate verify failed: Hostname mismatch, certificate is not valid for '%3Cpod%3E-8000.proxy.runpod.net'. (_ssl.c:1028)"
chat,0,,0.5178,0,0,"[SSL: CERTIFICATE_VERIFY_FAILED] certificate verify failed: Hostname mismatch, certificate is not valid for '%3Cpod%3E-8000.proxy.runpod.net'. (_ssl.c:1028)"
stream,0,,0.2508,0,0,"[SSL: CERTIFICATE_VERIFY_FAILED] certificate verify failed: Hostname mismatch, certificate is not valid for '%3Cpod%3E-8000.proxy.runpod.net'. (_ssl.c:1028)"
stream,0,,0.0916,0,0,"[SSL: CERTIFICATE_VERIFY_FAILED] certificate verify failed: Hostname mismatch, certificate is not valid for '%3Cpod%3E-8000.proxy.runpod.net'. (_ssl.c:1028)"
chat,0,,0.0946,0,0,"[SSL: CERTIFICATE_VERIFY_FAILED] certificate verify failed: Hostname mismatch, certificate is not valid for '%3Cpod%3E-8000.proxy.runpod.net'. (_ssl.c:1028)"
chat,0,,0.1039,0,0,"[SSL: CERTIFICATE_VERIFY_FAILED] certificate verify failed: Hostname mismatch, certificate is not valid for '%3Cpod%3E-8000.proxy.runpod.net'. (_ssl.c:1028)"
summary,0,,0.1091,0,0,"[SSL: CERTIFICATE_VERIFY_FAILED] certificate verify failed: Hostname mismatch, certificate is not valid for '%3Cpod%3E-8000.proxy.runpod.net'. (_ssl.c:1028)"
stream,0,,0.0880,0,0,"[SSL: CERTIFICATE_VERIFY_FAILED] certificate verify failed: Hostname mismatch, certificate is not valid for '%3Cpod%3E-8000.proxy.runpod.net'. (_ssl.c:1028)"
stream,0,,0.0957,0,0,"[SSL: CERTIFICATE_VERIFY_FAILED] certificate verify failed: Hostname mismatch, certificate is not valid for '%3Cpod%3E-8000.proxy.runpod.net'. (_ssl.c:1028)"
health,0,,0.0912,0,0,"[SSL: CERTIFICATE_VERIFY_FAILED] certificate verify failed: Hostname mismatch, certificate is not valid for '%3Cpod%3E-8000.proxy.runpod.net'. (_ssl.c:1028)"
stream,0,,0.5044,0,0,"[SSL: CERTIFICATE_VERIFY_FAILED] certificate verify failed: Hostname mismatch, certificate is not valid for '%3Cpod%3E-8000.proxy.runpod.net'. (_ssl.c:1028)"
summary,0,,0.3811,0,0,"[SSL: CERTIFICATE_VERIFY_FAILED] certificate verify failed: Hostname mismatch, certificate is not valid for '%3Cpod%3E-8000.proxy.runpod.net'. (_ssl.c:1028)"
stream,0,,0.3007,0,0,"[SSL: CERTIFICATE_VERIFY_FAILED] certificate verify failed: Hostname mismatch, certificate is not valid for '%3Cpod%3E-8000.proxy.runpod.net'. (_ssl.c:1028)"
summary,0,,0.3414,0,0,"[SSL: CERTIFICATE_VERIFY_FAILED] certificate verify failed: Hostname mismatch, certificate is not valid for '%3Cpod%3E-8000.proxy.runpod.net'. (_ssl.c:1028)"
chat,0,,0.5668,0,0,"[SSL: CERTIFICATE_VERIFY_FAILED] certificate verify failed: Hostname mismatch, certificate is not valid for '%3Cpod%3E-8000.proxy.runpod.net'. (_ssl.c:1028)"
stream,0,,0.1213,0,0,"[SSL: CERTIFICATE_VERIFY_FAILED] certificate verify failed: Hostname mismatch, certificate is not valid for '%3Cpod%3E-8000.proxy.runpod.net'. (_ssl.c:1028)"
stream,0,,0.1043,0,0,"[SSL: CERTIFICATE_VERIFY_FAILED] certificate verify failed: Hostname mismatch, certificate is not valid for '%3Cpod%3E-8000.proxy.runpod.net'. (_ssl.c:1028)"
summary,0,,0.1097,0,0,"[SSL: CERTIFICATE_VERIFY_FAILED] certificate verify failed: Hostname mismatch, certificate is not valid for '%3Cpod%3E-8000.proxy.runpod.net'. (_ssl.c:1028)"
chat,0,,0.0909,0,0,"[SSL: CERTIFICATE_VERIFY_FAILED] certificate verify failed: Hostname mismatch, certificate is not valid for '%3Cpod%3E-8000.proxy.runpod.net'. (_ssl.c:1028)"
summary,0,,0.1047,0,0,"[SSL: CERTIFICATE_VERIFY_FAILED] certificate verify failed: Hostname mismatch, certificate is not valid for '%3Cpod%3E-8000.proxy.runpod.net'. (_ssl.c:1028)"
stream,0,,0.0897,0,0,"[SSL: CERTIFICATE_VERIFY_FAILED] certificate verify failed: Hostname mismatch, certificate is not valid for '%3Cpod%3E-8000.proxy.runpod.net'. (_ssl.c:1028)"
chat,0,,0.0954,0,0,"[SSL: CERTIFICATE_VERIFY_FAILED] certificate verify failed: Hostname mismatch, certificate is not valid for '%3Cpod%3E-8000.proxy.runpod.net'. (_ssl.c:1028)"
stream,0,,0.0891,0,0,"[SSL: CERTIFICATE_VERIFY_FAILED] certificate verify failed: Hostname mismatch, certificate is not valid for '%3Cpod%3E-8000.proxy.runpod.net'. (_ssl.c:1028)"
chat,0,,0.1014,0,0,"[SSL: CERTIFICATE_VERIFY_FAILED] certificate verify failed: Hostname mismatch, certificate is not valid for '%3Cpod%3E-8000.proxy.runpod.net'. (_ssl.c:1028)"
chat,0,,0.0971,0,0,"[SSL: CERTIFICATE_VERIFY_FAILED] certificate verify failed: Hostname mismatch, certificate is not valid for '%3Cpod%3E-8000.proxy.runpod.net'. (_ssl.c:1028)"
stream,0,,0.0936,0,0,"[SSL: CERTIFICATE_VERIFY_FAILED] certificate verify failed: Hostname mismatch, certificate is not valid for '%3Cpod%3E-8000.proxy.runpod.net'. (_ssl.c:1028)"
stream,0,,0.0996,0,0,"[SSL: CERTIFICATE_VERIFY_FAILED] certificate verify failed: Hostname mismatch, certificate is not valid for '%3Cpod%3E-8000.proxy.runpod.net'. (_ssl.c:1028)"
health,0,,0.1066,0,0,"[SSL: CERTIFICATE_VERIFY_FAILED] certificate verify failed: Hostname mismatch, certificate is not valid for '%3Cpod%3E-8000.proxy.runpod.net'. (_ssl.c:1028)"
summary,0,,0.0958,0,0,"[SSL: CERTIFICATE_VERIFY_FAILED] certificate verify failed: Hostname mismatch, certificate is not valid for '%3Cpod%3E-8000.proxy.runpod.net'. (_ssl.c:1028)"
stream,0,,0.0912,0,0,"[SSL: CERTIFICATE_VERIFY_FAILED] certificate verify failed: Hostname mismatch, certificate is not valid for '%3Cpod%3E-8000.proxy.runpod.net'. (_ssl.c:1028)"
summary,0,,0.0931,0,0,"[SSL: CERTIFICATE_VERIFY_FAILED] certificate verify failed: Hostname mismatch, certificate is not valid for '%3Cpod%3E-8000.proxy.runpod.net'. (_ssl.c:1028)"
stream,0,,0.0984,0,0,"[SSL: CERTIFICATE_VERIFY_FAILED] certificate verify failed: Hostname mismatch, certificate is not valid for '%3Cpod%3E-8000.proxy.runpod.net'. (_ssl.c:1028)"
chat,0,,0.1011,0,0,"[SSL: CERTIFICATE_VERIFY_FAILED] certificate verify failed: Hostname mismatch, certificate is not valid for '%3Cpod%3E-8000.proxy.runpod.net'. (_ssl.c:1028)"
chat,0,,0.1171,0,0,"[SSL: CERTIFICATE_VERIFY_FAILED] certificate verify failed: Hostname mismatch, certificate is not valid for '%3Cpod%3E-8000.proxy.runpod.net'. (_ssl.c:1028)"
summary,0,,0.0895,0,0,"[SSL: CERTIFICATE_VERIFY_FAILED] certificate verify failed: Hostname mismatch, certificate is not valid for '%3Cpod%3E-8000.proxy.runpod.net'. (_ssl.c:1028)"
chat,0,,0.0919,0,0,"[SSL: CERTIFICATE_VERIFY_FAILED] certificate verify failed: Hostname mismatch, certificate is not valid for '%3Cpod%3E-8000.proxy.runpod.net'. (_ssl.c:1028)"
stream,0,,0.0951,0,0,"[SSL: CERTIFICATE_VERIFY_FAILED] certificate verify failed: Hostname mismatch, certificate is not valid for '%3Cpod%3E-8000.proxy.runpod.net'. (_ssl.c:1028)"
stream,0,,0.1007,0,0,"[SSL: CERTIFICATE_VERIFY_FAILED] certificate verify failed: Hostname mismatch, certificate is not valid for '%3Cpod%3E-8000.proxy.runpod.net'. (_ssl.c:1028)"
stream,0,,0.1083,0,0,"[SSL: CERTIFICATE_VERIFY_FAILED] certificate verify failed: Hostname mismatch, certificate is not valid for '%3Cpod%3E-8000.proxy.runpod.net'. (_ssl.c:1028)"
stream,0,,0.0915,0,0,"[SSL: CERTIFICATE_VERIFY_FAILED] certificate verify failed: Hostname mismatch, certificate is not valid for '%3Cpod%3E-8000.proxy.runpod.net'. (_ssl.c:1028)"
chat,0,,0.0928,0,0,"[SSL: CERTIFICATE_VERIFY_FAILED] certificate verify failed: Hostname mismatch, certificate is not valid for '%3Cpod%3E-8000.proxy.runpod.net'. (_ssl.c:1028)"
stream,0,,0.0900,0,0,"[SSL: CERTIFICATE_VERIFY_FAILED] certificate verify failed: Hostname mismatch, certificate is not valid for '%3Cpod%3E-8000.proxy.runpod.net'. (_ssl.c:1028)"
stream,0,,0.1048,0,0,"[SSL: CERTIFICATE_VERIFY_FAILED] certificate verify failed: Hostname mismatch, certificate is not valid for '%3Cpod%3E-8000.proxy.runpod.net'. (_ssl.c:1028)"
chat,0,,0.1074,0,0,"[SSL: CERTIFICATE_VERIFY_FAILED] certificate verify failed: Hostname mismatch, certificate is not valid for '%3Cpod%3E-8000.proxy.runpod.net'. (_ssl.c:1028)"
stream,0,,0.0916,0,0,"[SSL: CERTIFICATE_VERIFY_FAILED] certificate verify failed: Hostname mismatch, certificate is not valid for '%3Cpod%3E-8000.proxy.runpod.net'. (_ssl.c:1028)"
summary,0,,0.0930,0,0,"[SSL: CERTIFICATE_VERIFY_FAILED] certificate verify failed: Hostname mismatch, certificate is not valid for '%3Cpod%3E-8000.proxy.runpod.net'. (_ssl.c:1028)"
health,0,,0.1029,0,0,"[SSL: CERTIFICATE_VERIFY_FAILED] certificate verify failed: Hostname mismatch, certificate is not valid for '%3Cpod%3E-8000.proxy.runpod.net'. (_ssl.c:1028)"
stream,0,,0.1055,0,0,"[SSL: CERTIFICATE_VERIFY_FAILED] certificate verify failed: Hostname mismatch, certificate is not valid for '%3Cpod%3E-8000.proxy.runpod.net'. (_ssl.c:1028)"
stream,0,,0.1074,0,0,"[SSL: CERTIFICATE_VERIFY_FAILED] certificate verify failed: Hostname mismatch, certificate is not valid for '%3Cpod%3E-8000.proxy.runpod.net'. (_ssl.c:1028)"
chat,0,,0.0898,0,0,"[SSL: CERTIFICATE_VERIFY_FAILED] certificate verify failed: Hostname mismatch, certificate is not valid for '%3Cpod%3E-8000.proxy.runpod.net'. (_ssl.c:1028)"
summary,0,,0.1014,0,0,"[SSL: CERTIFICATE_VERIFY_FAILED] certificate verify failed: Hostname mismatch, certificate is not valid for '%3Cpod%3E-8000.proxy.runpod.net'. (_ssl.c:1028)"
chat,0,,0.0945,0,0,"[SSL: CERTIFICATE_VERIFY_FAILED] certificate verify failed: Hostname mismatch, certificate is not valid for '%3Cpod%3E-8000.proxy.runpod.net'. (_ssl.c:1028)"
chat,0,,0.0983,0,0,"[SSL: CERTIFICATE_VERIFY_FAILED] certificate verify failed: Hostname mismatch, certificate is not valid for '%3Cpod%3E-8000.proxy.runpod.net'. (_ssl.c:1028)"
stream,0,,0.0915,0,0,"[SSL: CERTIFICATE_VERIFY_FAILED] certificate verify failed: Hostname mismatch, certificate is not valid for '%3Cpod%3E-8000.proxy.runpod.net'. (_ssl.c:1028)"
chat,0,,0.0936,0,0,"[SSL: CERTIFICATE_VERIFY_FAILED] certificate verify failed: Hostname mismatch, certificate is not valid for '%3Cpod%3E-8000.proxy.runpod.net'. (_ssl.c:1028)"
summary,0,,0.0919,0,0,"[SSL: CERTIFICATE_VERIFY_FAILED] certificate verify failed: Hostname mismatch, certificate is not valid for '%3Cpod%3E-8000.proxy.runpod.net'. (_ssl.c:1028)"
chat,0,,0.0983,0,0,"[SSL: CERTIFICATE_VERIFY_FAILED] certificate verify failed: Hostname mismatch, certificate is not valid for '%3Cpod%3E-8000.proxy.runpod.net'. (_ssl.c:1028)"
chat,0,,0.0881,0,0,"[SSL: CERTIFICATE_VERIFY_FAILED] certificate verify failed: Hostname mismatch, certificate is not valid for '%3Cpod%3E-8000.proxy.runpod.net'. (_ssl.c:1028)"
stream,0,,0.0993,0,0,"[SSL: CERTIFICATE_VERIFY_FAILED] certificate verify failed: Hostname mismatch, certificate is not valid for '%3Cpod%3E-8000.proxy.runpod.net'. (_ssl.c:1028)"
stream,0,,0.0867,0,0,"[SSL: CERTIFICATE_VERIFY_FAILED] certificate verify failed: Hostname mismatch, certificate is not valid for '%3Cpod%3E-8000.proxy.runpod.net'. (_ssl.c:1028)"
chat,0,,0.0946,0,0,"[SSL: CERTIFICATE_VERIFY_FAILED] certificate verify failed: Hostname mismatch, certificate is not valid for '%3Cpod%3E-8000.proxy.runpod.net'. (_ssl.c:1028)"
stream,0,,0.0952,0,0,"[SSL: CERTIFICATE_VERIFY_FAILED] certificate verify failed: Hostname mismatch, certificate is not valid for '%3Cpod%3E-8000.proxy.runpod.net'. (_ssl.c:1028)"
stream,0,,0.1049,0,0,"[SSL: CERTIFICATE_VERIFY_FAILED] certificate verify failed: Hostname mismatch, certificate is not valid for '%3Cpod%3E-8000.proxy.runpod.net'. (_ssl.c:1028)"
health,0,,0.0932,0,0,"[SSL: CERTIFICATE_VERIFY_FAILED] certificate verify failed: Hostname mismatch, certificate is not valid for '%3Cpod%3E-8000.proxy.runpod.net'. (_ssl.c:1028)"
summary,0,,0.1033,0,0,"[SSL: CERTIFICATE_VERIFY_FAILED] certificate verify failed: Hostname mismatch, certificate is not valid for '%3Cpod%3E-8000.proxy.runpod.net'. (_ssl.c:1028)"
chat,0,,0.0906,0,0,"[SSL: CERTIFICATE_VERIFY_FAILED] certificate verify failed: Hostname mismatch, certificate is not valid for '%3Cpod%3E-8000.proxy.runpod.net'. (_ssl.c:1028)"
chat,0,,0.0990,0,0,"[SSL: CERTIFICATE_VERIFY_FAILED] certificate verify failed: Hostname mismatch, certificate is not valid for '%3Cpod%3E-8000.proxy.runpod.net'. (_ssl.c:1028)"
summary,0,,0.0945,0,0,"[SSL: CERTIFICATE_VERIFY_FAILED] certificate verify failed: Hostname mismatch, certificate is not valid for '%3Cpod%3E-8000.proxy.runpod.net'. (_ssl.c:1028)"
chat,0,,0.0931,0,0,"[SSL: CERTIFICATE_VERIFY_FAILED] certificate verify failed: Hostname mismatch, certificate is not valid for '%3Cpod%3E-8000.proxy.runpod.net'. (_ssl.c:1028)"
chat,0,,0.0900,0,0,"[SSL: CERTIFICATE_VERIFY_FAILED] certificate verify failed: Hostname mismatch, certificate is not valid for '%3Cpod%3E-8000.proxy.runpod.net'. (_ssl.c:1028)"
summary,0,,0.0952,0,0,"[SSL: CERTIFICATE_VERIFY_FAILED] certificate verify failed: Hostname mismatch, certificate is not valid for '%3Cpod%3E-8000.proxy.runpod.net'. (_ssl.c:1028)"
stream,0,,0.1138,0,0,"[SSL: CERTIFICATE_VERIFY_FAILED] certificate verify failed: Hostname mismatch, certificate is not valid for '%3Cpod%3E-8000.proxy.runpod.net'. (_ssl.c:1028)"
stream,0,,0.0989,0,0,"[SSL: CERTIFICATE_VERIFY_FAILED] certificate verify failed: Hostname mismatch, certificate is not valid for '%3Cpod%3E-8000.proxy.runpod.net'. (_ssl.c:1028)"
stream,0,,0.0949,0,0,"[SSL: CERTIFICATE_VERIFY_FAILED] certificate verify failed: Hostname mismatch, certificate is not valid for '%3Cpod%3E-8000.proxy.runpod.net'. (_ssl.c:1028)"
chat,0,,0.1044,0,0,"[SSL: CERTIFICATE_VERIFY_FAILED] certificate verify failed: Hostname mismatch, certificate is not valid for '%3Cpod%3E-8000.proxy.runpod.net'. (_ssl.c:1028)"
stream,0,,0.0989,0,0,"[SSL: CERTIFICATE_VERIFY_FAILED] certificate verify failed: Hostname mismatch, certificate is not valid for '%3Cpod%3E-8000.proxy.runpod.net'. (_ssl.c:1028)"
stream,0,,0.0936,0,0,"[SSL: CERTIFICATE_VERIFY_FAILED] certificate verify failed: Hostname mismatch, certificate is not valid for '%3Cpod%3E-8000.proxy.runpod.net'. (_ssl.c:1028)"
stream,0,,0.0923,0,0,"[SSL: CERTIFICATE_VERIFY_FAILED] certificate verify failed: Hostname mismatch, certificate is not valid for '%3Cpod%3E-8000.proxy.runpod.net'. (_ssl.c:1028)"
stream,0,,0.0965,0,0,"[SSL: CERTIFICATE_VERIFY_FAILED] certificate verify failed: Hostname mismatch, certificate is not valid for '%3Cpod%3E-8000.proxy.runpod.net'. (_ssl.c:1028)"
stream,0,,0.0951,0,0,"[SSL: CERTIFICATE_VERIFY_FAILED] certificate verify failed: Hostname mismatch, certificate is not valid for '%3Cpod%3E-8000.proxy.runpod.net'. (_ssl.c:1028)"
summary,0,,0.1027,0,0,"[SSL: CERTIFICATE_VERIFY_FAILED] certificate verify failed: Hostname mismatch, certificate is not valid for '%3Cpod%3E-8000.proxy.runpod.net'. (_ssl.c:1028)"
stream,0,,0.0936,0,0,"[SSL: CERTIFICATE_VERIFY_FAILED] certificate verify failed: Hostname mismatch, certificate is not valid for '%3Cpod%3E-8000.proxy.runpod.net'. (_ssl.c:1028)"
stream,0,,0.0959,0,0,"[SSL: CERTIFICATE_VERIFY_FAILED] certificate verify failed: Hostname mismatch, certificate is not valid for '%3Cpod%3E-8000.proxy.runpod.net'. (_ssl.c:1028)"
summary,0,,0.0902,0,0,"[SSL: CERTIFICATE_VERIFY_FAILED] certificate verify failed: Hostname mismatch, certificate is not valid for '%3Cpod%3E-8000.proxy.runpod.net'. (_ssl.c:1028)"
summary,0,,0.0933,0,0,"[SSL: CERTIFICATE_VERIFY_FAILED] certificate verify failed: Hostname mismatch, certificate is not valid for '%3Cpod%3E-8000.proxy.runpod.net'. (_ssl.c:1028)"
summary,0,,0.0908,0,0,"[SSL: CERTIFICATE_VERIFY_FAILED] certificate verify failed: Hostname mismatch, certificate is not valid for '%3Cpod%3E-8000.proxy.runpod.net'. (_ssl.c:1028)"
health,0,,0.1027,0,0,"[SSL: CERTIFICATE_VERIFY_FAILED] certificate verify failed: Hostname mismatch, certificate is not valid for '%3Cpod%3E-8000.proxy.runpod.net'. (_ssl.c:1028)"
stream,0,,0.0947,0,0,"[SSL: CERTIFICATE_VERIFY_FAILED] certificate verify failed: Hostname mismatch, certificate is not valid for '%3Cpod%3E-8000.proxy.runpod.net'. (_ssl.c:1028)"
chat,0,,0.0911,0,0,"[SSL: CERTIFICATE_VERIFY_FAILED] certificate verify failed: Hostname mismatch, certificate is not valid for '%3Cpod%3E-8000.proxy.runpod.net'. (_ssl.c:1028)"
summary,0,,0.0999,0,0,"[SSL: CERTIFICATE_VERIFY_FAILED] certificate verify failed: Hostname mismatch, certificate is not valid for '%3Cpod%3E-8000.proxy.runpod.net'. (_ssl.c:1028)"
stream,0,,0.1023,0,0,"[SSL: CERTIFICATE_VERIFY_FAILED] certificate verify failed: Hostname mismatch, certificate is not valid for '%3Cpod%3E-8000.proxy.runpod.net'. (_ssl.c:1028)"
stream,0,,0.0883,0,0,"[SSL: CERTIFICATE_VERIFY_FAILED] certificate verify failed: Hostname mismatch, certificate is not valid for '%3Cpod%3E-8000.proxy.runpod.net'. (_ssl.c:1028)"
stream,0,,0.0898,0,0,"[SSL: CERTIFICATE_VERIFY_FAILED] certificate verify failed: Hostname mismatch, certificate is not valid for '%3Cpod%3E-8000.proxy.runpod.net'. (_ssl.c:1028)"
stream,0,,0.0932,0,0,"[SSL: CERTIFICATE_VERIFY_FAILED] certificate verify failed: Hostname mismatch, certificate is not valid for '%3Cpod%3E-8000.proxy.runpod.net'. (_ssl.c:1028)"
chat,0,,0.1100,0,0,"[SSL: CERTIFICATE_VERIFY_FAILED] certificate verify failed: Hostname mismatch, certificate is not valid for '%3Cpod%3E-8000.proxy.runpod.net'. (_ssl.c:1028)"
stream,0,,0.1043,0,0,"[SSL: CERTIFICATE_VERIFY_FAILED] certificate verify failed: Hostname mismatch, certificate is not valid for '%3Cpod%3E-8000.proxy.runpod.net'. (_ssl.c:1028)"
chat,0,,0.1029,0,0,"[SSL: CERTIFICATE_VERIFY_FAILED] certificate verify failed: Hostname mismatch, certificate is not valid for '%3Cpod%3E-8000.proxy.runpod.net'. (_ssl.c:1028)"
stream,0,,0.1091,0,0,"[SSL: CERTIFICATE_VERIFY_FAILED] certificate verify failed: Hostname mismatch, certificate is not valid for '%3Cpod%3E-8000.proxy.runpod.net'. (_ssl.c:1028)"
stream,0,,0.0899,0,0,"[SSL: CERTIFICATE_VERIFY_FAILED] certificate verify failed: Hostname mismatch, certificate is not valid for '%3Cpod%3E-8000.proxy.runpod.net'. (_ssl.c:1028)"
chat,0,,0.1008,0,0,"[SSL: CERTIFICATE_VERIFY_FAILED] certificate verify failed: Hostname mismatch, certificate is not valid for '%3Cpod%3E-8000.proxy.runpod.net'. (_ssl.c:1028)"
stream,0,,0.1004,0,0,"[SSL: CERTIFICATE_VERIFY_FAILED] certificate verify failed: Hostname mismatch, certificate is not valid for '%3Cpod%3E-8000.proxy.runpod.net'. (_ssl.c:1028)"
summary,0,,0.1032,0,0,"[SSL: CERTIFICATE_VERIFY_FAILED] certificate verify failed: Hostname mismatch, certificate is not valid for '%3Cpod%3E-8000.proxy.runpod.net'. (_ssl.c:1028)"
summary,0,,0.0871,0,0,"[SSL: CERTIFICATE_VERIFY_FAILED] certificate verify failed: Hostname mismatch, certificate is not valid for '%3Cpod%3E-8000.proxy.runpod.net'. (_ssl.c:1028)"
summary,0,,0.0890,0,0,"[SSL: CERTIFICATE_VERIFY_FAILED] certificate verify failed: Hostname mismatch, certificate is not valid for '%3Cpod%3E-8000.proxy.runpod.net'. (_ssl.c:1028)"
stream,0,,0.0929,0,0,"[SSL: CERTIFICATE_VERIFY_FAILED] certificate verify failed: Hostname mismatch, certificate is not valid for '%3Cpod%3E-8000.proxy.runpod.net'. (_ssl.c:1028)"
summary,0,,0.0956,0,0,"[SSL: CERTIFICATE_VERIFY_FAILED] certificate verify failed: Hostname mismatch, certificate is not valid for '%3Cpod%3E-8000.proxy.runpod.net'. (_ssl.c:1028)"
chat,0,,0.0886,0,0,"[SSL: CERTIFICATE_VERIFY_FAILED] certificate verify failed: Hostname mismatch, certificate is not valid for '%3Cpod%3E-8000.proxy.runpod.net'. (_ssl.c:1028)"
chat,0,,0.1014,0,0,"[SSL: CERTIFICATE_VERIFY_FAILED] certificate verify failed: Hostname mismatch, certificate is not valid for '%3Cpod%3E-8000.proxy.runpod.net'. (_ssl.c:1028)"
health,0,,0.0926,0,0,"[SSL: CERTIFICATE_VERIFY_FAILED] certificate verify failed: Hostname mismatch, certificate is not valid for '%3Cpod%3E-8000.proxy.runpod.net'. (_ssl.c:1028)"
summary,0,,0.0896,0,0,"[SSL: CERTIFICATE_VERIFY_FAILED] certificate verify failed: Hostname mismatch, certificate is not valid for '%3Cpod%3E-8000.proxy.runpod.net'. (_ssl.c:1028)"
chat,0,,0.0942,0,0,"[SSL: CERTIFICATE_VERIFY_FAILED] certificate verify failed: Hostname mismatch, certificate is not valid for '%3Cpod%3E-8000.proxy.runpod.net'. (_ssl.c:1028)"
summary,0,,0.0893,0,0,"[SSL: CERTIFICATE_VERIFY_FAILED] certificate verify failed: Hostname mismatch, certificate is not valid for '%3Cpod%3E-8000.proxy.runpod.net'. (_ssl.c:1028)"
summary,0,,0.0908,0,0,"[SSL: CERTIFICATE_VERIFY_FAILED] certificate verify failed: Hostname mismatch, certificate is not valid for '%3Cpod%3E-8000.proxy.runpod.net'. (_ssl.c:1028)"
stream,0,,0.0934,0,0,"[SSL: CERTIFICATE_VERIFY_FAILED] certificate verify failed: Hostname mismatch, certificate is not valid for '%3Cpod%3E-8000.proxy.runpod.net'. (_ssl.c:1028)"
stream,0,,0.0939,0,0,"[SSL: CERTIFICATE_VERIFY_FAILED] certificate verify failed: Hostname mismatch, certificate is not valid for '%3Cpod%3E-8000.proxy.runpod.net'. (_ssl.c:1028)"
stream,0,,0.0914,0,0,"[SSL: CERTIFICATE_VERIFY_FAILED] certificate verify failed: Hostname mismatch, certificate is not valid for '%3Cpod%3E-8000.proxy.runpod.net'. (_ssl.c:1028)"
summary,0,,0.0930,0,0,"[SSL: CERTIFICATE_VERIFY_FAILED] certificate verify failed: Hostname mismatch, certificate is not valid for '%3Cpod%3E-8000.proxy.runpod.net'. (_ssl.c:1028)"
chat,0,,0.0973,0,0,"[SSL: CERTIFICATE_VERIFY_FAILED] certificate verify failed: Hostname mismatch, certificate is not valid for '%3Cpod%3E-8000.proxy.runpod.net'. (_ssl.c:1028)"
stream,0,,0.1033,0,0,"[SSL: CERTIFICATE_VERIFY_FAILED] certificate verify failed: Hostname mismatch, certificate is not valid for '%3Cpod%3E-8000.proxy.runpod.net'. (_ssl.c:1028)"
summary,0,,0.1030,0,0,"[SSL: CERTIFICATE_VERIFY_FAILED] certificate verify failed: Hostname mismatch, certificate is not valid for '%3Cpod%3E-8000.proxy.runpod.net'. (_ssl.c:1028)"
chat,0,,0.0924,0,0,"[SSL: CERTIFICATE_VERIFY_FAILED] certificate verify failed: Hostname mismatch, certificate is not valid for '%3Cpod%3E-8000.proxy.runpod.net'. (_ssl.c:1028)"
stream,0,,0.0903,0,0,"[SSL: CERTIFICATE_VERIFY_FAILED] certificate verify failed: Hostname mismatch, certificate is not valid for '%3Cpod%3E-8000.proxy.runpod.net'. (_ssl.c:1028)"
stream,0,,0.0929,0,0,"[SSL: CERTIFICATE_VERIFY_FAILED] certificate verify failed: Hostname mismatch, certificate is not valid for '%3Cpod%3E-8000.proxy.runpod.net'. (_ssl.c:1028)"
chat,0,,0.0957,0,0,"[SSL: CERTIFICATE_VERIFY_FAILED] certificate verify failed: Hostname mismatch, certificate is not valid for '%3Cpod%3E-8000.proxy.runpod.net'. (_ssl.c:1028)"
summary,0,,0.0963,0,0,"[SSL: CERTIFICATE_VERIFY_FAILED] certificate verify failed: Hostname mismatch, certificate is not valid for '%3Cpod%3E-8000.proxy.runpod.net'. (_ssl.c:1028)"
summary,0,,0.0993,0,0,"[SSL: CERTIFICATE_VERIFY_FAILED] certificate verify failed: Hostname mismatch, certificate is not valid for '%3Cpod%3E-8000.proxy.runpod.net'. (_ssl.c:1028)"
stream,0,,0.0866,0,0,"[SSL: CERTIFICATE_VERIFY_FAILED] certificate verify failed: Hostname mismatch, certificate is not valid for '%3Cpod%3E-8000.proxy.runpod.net'. (_ssl.c:1028)"
chat,0,,0.1031,0,0,"[SSL: CERTIFICATE_VERIFY_FAILED] certificate verify failed: Hostname mismatch, certificate is not valid for '%3Cpod%3E-8000.proxy.runpod.net'. (_ssl.c:1028)"
stream,0,,0.1047,0,0,"[SSL: CERTIFICATE_VERIFY_FAILED] certificate verify failed: Hostname mismatch, certificate is not valid for '%3Cpod%3E-8000.proxy.runpod.net'. (_ssl.c:1028)"
stream,0,,0.0893,0,0,"[SSL: CERTIFICATE_VERIFY_FAILED] certificate verify failed: Hostname mismatch, certificate is not valid for '%3Cpod%3E-8000.proxy.runpod.net'. (_ssl.c:1028)"
health,0,,0.0936,0,0,"[SSL: CERTIFICATE_VERIFY_FAILED] certificate verify failed: Hostname mismatch, certificate is not valid for '%3Cpod%3E-8000.proxy.runpod.net'. (_ssl.c:1028)"
chat,0,,0.1077,0,0,"[SSL: CERTIFICATE_VERIFY_FAILED] certificate verify failed: Hostname mismatch, certificate is not valid for '%3Cpod%3E-8000.proxy.runpod.net'. (_ssl.c:1028)"
chat,0,,0.0906,0,0,"[SSL: CERTIFICATE_VERIFY_FAILED] certificate verify failed: Hostname mismatch, certificate is not valid for '%3Cpod%3E-8000.proxy.runpod.net'. (_ssl.c:1028)"
chat,0,,0.0875,0,0,"[SSL: CERTIFICATE_VERIFY_FAILED] certificate verify failed: Hostname mismatch, certificate is not valid for '%3Cpod%3E-8000.proxy.runpod.net'. (_ssl.c:1028)"
summary,0,,0.0890,0,0,"[SSL: CERTIFICATE_VERIFY_FAILED] certificate verify failed: Hostname mismatch, certificate is not valid for '%3Cpod%3E-8000.proxy.runpod.net'. (_ssl.c:1028)"
chat,0,,0.1102,0,0,"[SSL: CERTIFICATE_VERIFY_FAILED] certificate verify failed: Hostname mismatch, certificate is not valid for '%3Cpod%3E-8000.proxy.runpod.net'. (_ssl.c:1028)"
stream,0,,0.0960,0,0,"[SSL: CERTIFICATE_VERIFY_FAILED] certificate verify failed: Hostname mismatch, certificate is not valid for '%3Cpod%3E-8000.proxy.runpod.net'. (_ssl.c:1028)"
stream,0,,0.1160,0,0,"[SSL: CERTIFICATE_VERIFY_FAILED] certificate verify failed: Hostname mismatch, certificate is not valid for '%3Cpod%3E-8000.proxy.runpod.net'. (_ssl.c:1028)"
summary,0,,0.0972,0,0,"[SSL: CERTIFICATE_VERIFY_FAILED] certificate verify failed: Hostname mismatch, certificate is not valid for '%3Cpod%3E-8000.proxy.runpod.net'. (_ssl.c:1028)"
chat,0,,0.0866,0,0,"[SSL: CERTIFICATE_VERIFY_FAILED] certificate verify failed: Hostname mismatch, certificate is not valid for '%3Cpod%3E-8000.proxy.runpod.net'. (_ssl.c:1028)"
chat,0,,0.0976,0,0,"[SSL: CERTIFICATE_VERIFY_FAILED] certificate verify failed: Hostname mismatch, certificate is not valid for '%3Cpod%3E-8000.proxy.runpod.net'. (_ssl.c:1028)"
chat,0,,0.0883,0,0,"[SSL: CERTIFICATE_VERIFY_FAILED] certificate verify failed: Hostname mismatch, certificate is not valid for '%3Cpod%3E-8000.proxy.runpod.net'. (_ssl.c:1028)"
chat,0,,0.0905,0,0,"[SSL: CERTIFICATE_VERIFY_FAILED] certificate verify failed: Hostname mismatch, certificate is not valid for '%3Cpod%3E-8000.proxy.runpod.net'. (_ssl.c:1028)"
chat,0,,0.1024,0,0,"[SSL: CERTIFICATE_VERIFY_FAILED] certificate verify failed: Hostname mismatch, certificate is not valid for '%3Cpod%3E-8000.proxy.runpod.net'. (_ssl.c:1028)"
summary,0,,0.0986,0,0,"[SSL: CERTIFICATE_VERIFY_FAILED] certificate verify failed: Hostname mismatch, certificate is not valid for '%3Cpod%3E-8000.proxy.runpod.net'. (_ssl.c:1028)"
chat,0,,0.0877,0,0,"[SSL: CERTIFICATE_VERIFY_FAILED] certificate verify failed: Hostname mismatch, certificate is not valid for '%3Cpod%3E-8000.proxy.runpod.net'. (_ssl.c:1028)"
chat,0,,0.0864,0,0,"[SSL: CERTIFICATE_VERIFY_FAILED] certificate verify failed: Hostname mismatch, certificate is not valid for '%3Cpod%3E-8000.proxy.runpod.net'. (_ssl.c:1028)"
summary,0,,0.0871,0,0,"[SSL: CERTIFICATE_VERIFY_FAILED] certificate verify failed: Hostname mismatch, certificate is not valid for '%3Cpod%3E-8000.proxy.runpod.net'. (_ssl.c:1028)"
stream,0,,0.0887,0,0,"[SSL: CERTIFICATE_VERIFY_FAILED] certificate verify failed: Hostname mismatch, certificate is not valid for '%3Cpod%3E-8000.proxy.runpod.net'. (_ssl.c:1028)"
stream,0,,0.0929,0,0,"[SSL: CERTIFICATE_VERIFY_FAILED] certificate verify failed: Hostname mismatch, certificate is not valid for '%3Cpod%3E-8000.proxy.runpod.net'. (_ssl.c:1028)"
chat,0,,0.1010,0,0,"[SSL: CERTIFICATE_VERIFY_FAILED] certificate verify failed: Hostname mismatch, certificate is not valid for '%3Cpod%3E-8000.proxy.runpod.net'. (_ssl.c:1028)"
health,0,,0.0922,0,0,"[SSL: CERTIFICATE_VERIFY_FAILED] certificate verify failed: Hostname mismatch, certificate is not valid for '%3Cpod%3E-8000.proxy.runpod.net'. (_ssl.c:1028)"
summary,0,,0.0895,0,0,"[SSL: CERTIFICATE_VERIFY_FAILED] certificate verify failed: Hostname mismatch, certificate is not valid for '%3Cpod%3E-8000.proxy.runpod.net'. (_ssl.c:1028)"
chat,0,,0.1002,0,0,"[SSL: CERTIFICATE_VERIFY_FAILED] certificate verify failed: Hostname mismatch, certificate is not valid for '%3Cpod%3E-8000.proxy.runpod.net'. (_ssl.c:1028)"
summary,0,,0.0949,0,0,"[SSL: CERTIFICATE_VERIFY_FAILED] certificate verify failed: Hostname mismatch, certificate is not valid for '%3Cpod%3E-8000.proxy.runpod.net'. (_ssl.c:1028)"
chat,0,,0.0985,0,0,"[SSL: CERTIFICATE_VERIFY_FAILED] certificate verify failed: Hostname mismatch, certificate is not valid for '%3Cpod%3E-8000.proxy.runpod.net'. (_ssl.c:1028)"
stream,0,,0.0938,0,0,"[SSL: CERTIFICATE_VERIFY_FAILED] certificate verify failed: Hostname mismatch, certificate is not valid for '%3Cpod%3E-8000.proxy.runpod.net'. (_ssl.c:1028)"
stream,0,,0.0993,0,0,"[SSL: CERTIFICATE_VERIFY_FAILED] certificate verify failed: Hostname mismatch, certificate is not valid for '%3Cpod%3E-8000.proxy.runpod.net'. (_ssl.c:1028)"
stream,0,,0.1050,0,0,"[SSL: CERTIFICATE_VERIFY_FAILED] certificate verify failed: Hostname mismatch, certificate is not valid for '%3Cpod%3E-8000.proxy.runpod.net'. (_ssl.c:1028)"
summary,0,,0.1031,0,0,"[SSL: CERTIFICATE_VERIFY_FAILED] certificate verify failed: Hostname mismatch, certificate is not valid for '%3Cpod%3E-8000.proxy.runpod.net'. (_ssl.c:1028)"
summary,0,,0.1137,0,0,"[SSL: CERTIFICATE_VERIFY_FAILED] certificate verify failed: Hostname mismatch, certificate is not valid for '%3Cpod%3E-8000.proxy.runpod.net'. (_ssl.c:1028)"
stream,0,,0.0937,0,0,"[SSL: CERTIFICATE_VERIFY_FAILED] certificate verify failed: Hostname mismatch, certificate is not valid for '%3Cpod%3E-8000.proxy.runpod.net'. (_ssl.c:1028)"
stream,0,,0.0926,0,0,"[SSL: CERTIFICATE_VERIFY_FAILED] certificate verify failed: Hostname mismatch, certificate is not valid for '%3Cpod%3E-8000.proxy.runpod.net'. (_ssl.c:1028)"
stream,0,,0.0910,0,0,"[SSL: CERTIFICATE_VERIFY_FAILED] certificate verify failed: Hostname mismatch, certificate is not valid for '%3Cpod%3E-8000.proxy.runpod.net'. (_ssl.c:1028)"
chat,0,,0.0920,0,0,"[SSL: CERTIFICATE_VERIFY_FAILED] certificate verify failed: Hostname mismatch, certificate is not valid for '%3Cpod%3E-8000.proxy.runpod.net'. (_ssl.c:1028)"
chat,0,,0.0963,0,0,"[SSL: CERTIFICATE_VERIFY_FAILED] certificate verify failed: Hostname mismatch, certificate is not valid for '%3Cpod%3E-8000.proxy.runpod.net'. (_ssl.c:1028)"
summary,0,,0.0893,0,0,"[SSL: CERTIFICATE_VERIFY_FAILED] certificate verify failed: Hostname mismatch, certificate is not valid for '%3Cpod%3E-8000.proxy.runpod.net'. (_ssl.c:1028)"
chat,0,,0.0958,0,0,"[SSL: CERTIFICATE_VERIFY_FAILED] certificate verify failed: Hostname mismatch, certificate is not valid for '%3Cpod%3E-8000.proxy.runpod.net'. (_ssl.c:1028)"
stream,0,,0.0881,0,0,"[SSL: CERTIFICATE_VERIFY_FAILED] certificate verify failed: Hostname mismatch, certificate is not valid for '%3Cpod%3E-8000.proxy.runpod.net'. (_ssl.c:1028)"
chat,0,,0.0873,0,0,"[SSL: CERTIFICATE_VERIFY_FAILED] certificate verify failed: Hostname mismatch, certificate is not valid for '%3Cpod%3E-8000.proxy.runpod.net'. (_ssl.c:1028)"
stream,0,,0.0939,0,0,"[SSL: CERTIFICATE_VERIFY_FAILED] certificate verify failed: Hostname mismatch, certificate is not valid for '%3Cpod%3E-8000.proxy.runpod.net'. (_ssl.c:1028)"
health,0,,0.1001,0,0,"[SSL: CERTIFICATE_VERIFY_FAILED] certificate verify failed: Hostname mismatch, certificate is not valid for '%3Cpod%3E-8000.proxy.runpod.net'. (_ssl.c:1028)"
stream,0,,0.0929,0,0,"[SSL: CERTIFICATE_VERIFY_FAILED] certificate verify failed: Hostname mismatch, certificate is not valid for '%3Cpod%3E-8000.proxy.runpod.net'. (_ssl.c:1028)"
stream,0,,0.0871,0,0,"[SSL: CERTIFICATE_VERIFY_FAILED] certificate verify failed: Hostname mismatch, certificate is not valid for '%3Cpod%3E-8000.proxy.runpod.net'. (_ssl.c:1028)"
summary,0,,0.1178,0,0,"[SSL: CERTIFICATE_VERIFY_FAILED] certificate verify failed: Hostname mismatch, certificate is not valid for '%3Cpod%3E-8000.proxy.runpod.net'. (_ssl.c:1028)"
stream,0,,0.1151,0,0,"[SSL: CERTIFICATE_VERIFY_FAILED] certificate verify failed: Hostname mismatch, certificate is not valid for '%3Cpod%3E-8000.proxy.runpod.net'. (_ssl.c:1028)"
chat,0,,0.1046,0,0,"[SSL: CERTIFICATE_VERIFY_FAILED] certificate verify failed: Hostname mismatch, certificate is not valid for '%3Cpod%3E-8000.proxy.runpod.net'. (_ssl.c:1028)"
chat,0,,0.1184,0,0,"[SSL: CERTIFICATE_VERIFY_FAILED] certificate verify failed: Hostname mismatch, certificate is not valid for '%3Cpod%3E-8000.proxy.runpod.net'. (_ssl.c:1028)"
stream,0,,0.0973,0,0,"[SSL: CERTIFICATE_VERIFY_FAILED] certificate verify failed: Hostname mismatch, certificate is not valid for '%3Cpod%3E-8000.proxy.runpod.net'. (_ssl.c:1028)"
chat,0,,0.0935,0,0,"[SSL: CERTIFICATE_VERIFY_FAILED] certificate verify failed: Hostname mismatch, certificate is not valid for '%3Cpod%3E-8000.proxy.runpod.net'. (_ssl.c:1028)"
chat,0,,0.0989,0,0,"[SSL: CERTIFICATE_VERIFY_FAILED] certificate verify failed: Hostname mismatch, certificate is not valid for '%3Cpod%3E-8000.proxy.runpod.net'. (_ssl.c:1028)"
summary,0,,0.0978,0,0,"[SSL: CERTIFICATE_VERIFY_FAILED] certificate verify failed: Hostname mismatch, certificate is not valid for '%3Cpod%3E-8000.proxy.runpod.net'. (_ssl.c:1028)"
stream,0,,0.0905,0,0,"[SSL: CERTIFICATE_VERIFY_FAILED] certificate verify failed: Hostname mismatch, certificate is not valid for '%3Cpod%3E-8000.proxy.runpod.net'. (_ssl.c:1028)"
stream,0,,0.0999,0,0,"[SSL: CERTIFICATE_VERIFY_FAILED] certificate verify failed: Hostname mismatch, certificate is not valid for '%3Cpod%3E-8000.proxy.runpod.net'. (_ssl.c:1028)"
stream,0,,0.0974,0,0,"[SSL: CERTIFICATE_VERIFY_FAILED] certificate verify failed: Hostname mismatch, certificate is not valid for '%3Cpod%3E-8000.proxy.runpod.net'. (_ssl.c:1028)"
summary,0,,0.0935,0,0,"[SSL: CERTIFICATE_VERIFY_FAILED] certificate verify failed: Hostname mismatch, certificate is not valid for '%3Cpod%3E-8000.proxy.runpod.net'. (_ssl.c:1028)"
chat,0,,0.0958,0,0,"[SSL: CERTIFICATE_VERIFY_FAILED] certificate verify failed: Hostname mismatch, certificate is not valid for '%3Cpod%3E-8000.proxy.runpod.net'. (_ssl.c:1028)"
chat,0,,0.1042,0,0,"[SSL: CERTIFICATE_VERIFY_FAILED] certificate verify failed: Hostname mismatch, certificate is not valid for '%3Cpod%3E-8000.proxy.runpod.net'. (_ssl.c:1028)"
chat,0,,0.0959,0,0,"[SSL: CERTIFICATE_VERIFY_FAILED] certificate verify failed: Hostname mismatch, certificate is not valid for '%3Cpod%3E-8000.proxy.runpod.net'. (_ssl.c:1028)"
stream,0,,0.3400,0,0,"[SSL: CERTIFICATE_VERIFY_FAILED] certificate verify failed: Hostname mismatch, certificate is not valid for '%3Cpod%3E-8000.proxy.runpod.net'. (_ssl.c:1028)"
chat,0,,0.0929,0,0,"[SSL: CERTIFICATE_VERIFY_FAILED] certificate verify failed: Hostname mismatch, certificate is not valid for '%3Cpod%3E-8000.proxy.runpod.net'. (_ssl.c:1028)"
chat,0,,0.0953,0,0,"[SSL: CERTIFICATE_VERIFY_FAILED] certificate verify failed: Hostname mismatch, certificate is not valid for '%3Cpod%3E-8000.proxy.runpod.net'. (_ssl.c:1028)"
chat,0,,0.0935,0,0,"[SSL: CERTIFICATE_VERIFY_FAILED] certificate verify failed: Hostname mismatch, certificate is not valid for '%3Cpod%3E-8000.proxy.runpod.net'. (_ssl.c:1028)"
health,0,,0.1056,0,0,"[SSL: CERTIFICATE_VERIFY_FAILED] certificate verify failed: Hostname mismatch, certificate is not valid for '%3Cpod%3E-8000.proxy.runpod.net'. (_ssl.c:1028)"
summary,0,,0.0965,0,0,"[SSL: CERTIFICATE_VERIFY_FAILED] certificate verify failed: Hostname mismatch, certificate is not valid for '%3Cpod%3E-8000.proxy.runpod.net'. (_ssl.c:1028)"
stream,0,,0.1021,0,0,"[SSL: CERTIFICATE_VERIFY_FAILED] certificate verify failed: Hostname mismatch, certificate is not valid for '%3Cpod%3E-8000.proxy.runpod.net'. (_ssl.c:1028)"
chat,0,,0.1135,0,0,"[SSL: CERTIFICATE_VERIFY_FAILED] certificate verify failed: Hostname mismatch, certificate is not valid for '%3Cpod%3E-8000.proxy.runpod.net'. (_ssl.c:1028)"
summary,0,,0.1031,0,0,"[SSL: CERTIFICATE_VERIFY_FAILED] certificate verify failed: Hostname mismatch, certificate is not valid for '%3Cpod%3E-8000.proxy.runpod.net'. (_ssl.c:1028)"
summary,0,,0.0904,0,0,"[SSL: CERTIFICATE_VERIFY_FAILED] certificate verify failed: Hostname mismatch, certificate is not valid for '%3Cpod%3E-8000.proxy.runpod.net'. (_ssl.c:1028)"
stream,0,,0.1085,0,0,"[SSL: CERTIFICATE_VERIFY_FAILED] certificate verify failed: Hostname mismatch, certificate is not valid for '%3Cpod%3E-8000.proxy.runpod.net'. (_ssl.c:1028)"
summary,0,,0.0972,0,0,"[SSL: CERTIFICATE_VERIFY_FAILED] certificate verify failed: Hostname mismatch, certificate is not valid for '%3Cpod%3E-8000.proxy.runpod.net'. (_ssl.c:1028)"
stream,0,,0.0900,0,0,"[SSL: CERTIFICATE_VERIFY_FAILED] certificate verify failed: Hostname mismatch, certificate is not valid for '%3Cpod%3E-8000.proxy.runpod.net'. (_ssl.c:1028)"
stream,0,,0.0987,0,0,"[SSL: CERTIFICATE_VERIFY_FAILED] certificate verify failed: Hostname mismatch, certificate is not valid for '%3Cpod%3E-8000.proxy.runpod.net'. (_ssl.c:1028)"
chat,0,,0.1025,0,0,"[SSL: CERTIFICATE_VERIFY_FAILED] certificate verify failed: Hostname mismatch, certificate is not valid for '%3Cpod%3E-8000.proxy.runpod.net'. (_ssl.c:1028)"
chat,0,,0.1001,0,0,"[SSL: CERTIFICATE_VERIFY_FAILED] certificate verify failed: Hostname mismatch, certificate is not valid for '%3Cpod%3E-8000.proxy.runpod.net'. (_ssl.c:1028)"
summary,0,,0.1029,0,0,"[SSL: CERTIFICATE_VERIFY_FAILED] certificate verify failed: Hostname mismatch, certificate is not valid for '%3Cpod%3E-8000.proxy.runpod.net'. (_ssl.c:1028)"
stream,0,,0.0938,0,0,"[SSL: CERTIFICATE_VERIFY_FAILED] certificate verify failed: Hostname mismatch, certificate is not valid for '%3Cpod%3E-8000.proxy.runpod.net'. (_ssl.c:1028)"
summary,0,,0.0957,0,0,"[SSL: CERTIFICATE_VERIFY_FAILED] certificate verify failed: Hostname mismatch, certificate is not valid for '%3Cpod%3E-8000.proxy.runpod.net'. (_ssl.c:1028)"
stream,0,,0.0885,0,0,"[SSL: CERTIFICATE_VERIFY_FAILED] certificate verify failed: Hostname mismatch, certificate is not valid for '%3Cpod%3E-8000.proxy.runpod.net'. (_ssl.c:1028)"
chat,0,,0.1026,0,0,"[SSL: CERTIFICATE_VERIFY_FAILED] certificate verify failed: Hostname mismatch, certificate is not valid for '%3Cpod%3E-8000.proxy.runpod.net'. (_ssl.c:1028)"
summary,0,,0.1135,0,0,"[SSL: CERTIFICATE_VERIFY_FAILED] certificate verify failed: Hostname mismatch, certificate is not valid for '%3Cpod%3E-8000.proxy.runpod.net'. (_ssl.c:1028)"
chat,0,,0.1164,0,0,"[SSL: CERTIFICATE_VERIFY_FAILED] certificate verify failed: Hostname mismatch, certificate is not valid for '%3Cpod%3E-8000.proxy.runpod.net'. (_ssl.c:1028)"
summary,0,,0.0943,0,0,"[SSL: CERTIFICATE_VERIFY_FAILED] certificate verify failed: Hostname mismatch, certificate is not valid for '%3Cpod%3E-8000.proxy.runpod.net'. (_ssl.c:1028)"
stream,0,,0.1049,0,0,"[SSL: CERTIFICATE_VERIFY_FAILED] certificate verify failed: Hostname mismatch, certificate is not valid for '%3Cpod%3E-8000.proxy.runpod.net'. (_ssl.c:1028)"
health,0,,0.1078,0,0,"[SSL: CERTIFICATE_VERIFY_FAILED] certificate verify failed: Hostname mismatch, certificate is not valid for '%3Cpod%3E-8000.proxy.runpod.net'. (_ssl.c:1028)"
chat,0,,0.1202,0,0,"[SSL: CERTIFICATE_VERIFY_FAILED] certificate verify failed: Hostname mismatch, certificate is not valid for '%3Cpod%3E-8000.proxy.runpod.net'. (_ssl.c:1028)"
stream,0,,0.0993,0,0,"[SSL: CERTIFICATE_VERIFY_FAILED] certificate verify failed: Hostname mismatch, certificate is not valid for '%3Cpod%3E-8000.proxy.runpod.net'. (_ssl.c:1028)"
chat,0,,0.1303,0,0,"[SSL: CERTIFICATE_VERIFY_FAILED] certificate verify failed: Hostname mismatch, certificate is not valid for '%3Cpod%3E-8000.proxy.runpod.net'. (_ssl.c:1028)"
stream,0,,0.1166,0,0,"[SSL: CERTIFICATE_VERIFY_FAILED] certificate verify failed: Hostname mismatch, certificate is not valid for '%3Cpod%3E-8000.proxy.runpod.net'. (_ssl.c:1028)"
stream,0,,0.1070,0,0,"[SSL: CERTIFICATE_VERIFY_FAILED] certificate verify failed: Hostname mismatch, certificate is not valid for '%3Cpod%3E-8000.proxy.runpod.net'. (_ssl.c:1028)"
summary,0,,0.1115,0,0,"[SSL: CERTIFICATE_VERIFY_FAILED] certificate verify failed: Hostname mismatch, certificate is not valid for '%3Cpod%3E-8000.proxy.runpod.net'. (_ssl.c:1028)"
chat,0,,0.0938,0,0,"[SSL: CERTIFICATE_VERIFY_FAILED] certificate verify failed: Hostname mismatch, certificate is not valid for '%3Cpod%3E-8000.proxy.runpod.net'. (_ssl.c:1028)"
summary,0,,0.0908,0,0,"[SSL: CERTIFICATE_VERIFY_FAILED] certificate verify failed: Hostname mismatch, certificate is not valid for '%3Cpod%3E-8000.proxy.runpod.net'. (_ssl.c:1028)"
chat,0,,0.0936,0,0,"[SSL: CERTIFICATE_VERIFY_FAILED] certificate verify failed: Hostname mismatch, certificate is not valid for '%3Cpod%3E-8000.proxy.runpod.net'. (_ssl.c:1028)"
stream,0,,0.0992,0,0,"[SSL: CERTIFICATE_VERIFY_FAILED] certificate verify failed: Hostname mismatch, certificate is not valid for '%3Cpod%3E-8000.proxy.runpod.net'. (_ssl.c:1028)"
summary,0,,0.1148,0,0,"[SSL: CERTIFICATE_VERIFY_FAILED] certificate verify failed: Hostname mismatch, certificate is not valid for '%3Cpod%3E-8000.proxy.runpod.net'. (_ssl.c:1028)"
stream,0,,0.0884,0,0,"[SSL: CERTIFICATE_VERIFY_FAILED] certificate verify failed: Hostname mismatch, certificate is not valid for '%3Cpod%3E-8000.proxy.runpod.net'. (_ssl.c:1028)"
summary,0,,0.0976,0,0,"[SSL: CERTIFICATE_VERIFY_FAILED] certificate verify failed: Hostname mismatch, certificate is not valid for '%3Cpod%3E-8000.proxy.runpod.net'. (_ssl.c:1028)"
chat,0,,0.0937,0,0,"[SSL: CERTIFICATE_VERIFY_FAILED] certificate verify failed: Hostname mismatch, certificate is not valid for '%3Cpod%3E-8000.proxy.runpod.net'. (_ssl.c:1028)"
stream,0,,0.0939,0,0,"[SSL: CERTIFICATE_VERIFY_FAILED] certificate verify failed: Hostname mismatch, certificate is not valid for '%3Cpod%3E-8000.proxy.runpod.net'. (_ssl.c:1028)"
chat,0,,0.0874,0,0,"[SSL: CERTIFICATE_VERIFY_FAILED] certificate verify failed: Hostname mismatch, certificate is not valid for '%3Cpod%3E-8000.proxy.runpod.net'. (_ssl.c:1028)"
stream,0,,0.0965,0,0,"[SSL: CERTIFICATE_VERIFY_FAILED] certificate verify failed: Hostname mismatch, certificate is not valid for '%3Cpod%3E-8000.proxy.runpod.net'. (_ssl.c:1028)"
chat,0,,0.0988,0,0,"[SSL: CERTIFICATE_VERIFY_FAILED] certificate verify failed: Hostname mismatch, certificate is not valid for '%3Cpod%3E-8000.proxy.runpod.net'. (_ssl.c:1028)"
summary,0,,0.1001,0,0,"[SSL: CERTIFICATE_VERIFY_FAILED] certificate verify failed: Hostname mismatch, certificate is not valid for '%3Cpod%3E-8000.proxy.runpod.net'. (_ssl.c:1028)"
health,0,,0.0910,0,0,"[SSL: CERTIFICATE_VERIFY_FAILED] certificate verify failed: Hostname mismatch, certificate is not valid for '%3Cpod%3E-8000.proxy.runpod.net'. (_ssl.c:1028)"
chat,0,,0.1015,0,0,"[SSL: CERTIFICATE_VERIFY_FAILED] certificate verify failed: Hostname mismatch, certificate is not valid for '%3Cpod%3E-8000.proxy.runpod.net'. (_ssl.c:1028)"
stream,0,,0.1103,0,0,"[SSL: CERTIFICATE_VERIFY_FAILED] certificate verify failed: Hostname mismatch, certificate is not valid for '%3Cpod%3E-8000.proxy.runpod.net'. (_ssl.c:1028)"
chat,0,,0.1025,0,0,"[SSL: CERTIFICATE_VERIFY_FAILED] certificate verify failed: Hostname mismatch, certificate is not valid for '%3Cpod%3E-8000.proxy.runpod.net'. (_ssl.c:1028)"
summary,0,,0.1292,0,0,"[SSL: CERTIFICATE_VERIFY_FAILED] certificate verify failed: Hostname mismatch, certificate is not valid for '%3Cpod%3E-8000.proxy.runpod.net'. (_ssl.c:1028)"
stream,0,,0.0911,0,0,"[SSL: CERTIFICATE_VERIFY_FAILED] certificate verify failed: Hostname mismatch, certificate is not valid for '%3Cpod%3E-8000.proxy.runpod.net'. (_ssl.c:1028)"
chat,0,,0.0946,0,0,"[SSL: CERTIFICATE_VERIFY_FAILED] certificate verify failed: Hostname mismatch, certificate is not valid for '%3Cpod%3E-8000.proxy.runpod.net'. (_ssl.c:1028)"
chat,0,,0.1036,0,0,"[SSL: CERTIFICATE_VERIFY_FAILED] certificate verify failed: Hostname mismatch, certificate is not valid for '%3Cpod%3E-8000.proxy.runpod.net'. (_ssl.c:1028)"
stream,0,,0.0907,0,0,"[SSL: CERTIFICATE_VERIFY_FAILED] certificate verify failed: Hostname mismatch, certificate is not valid for '%3Cpod%3E-8000.proxy.runpod.net'. (_ssl.c:1028)"
summary,0,,0.0900,0,0,"[SSL: CERTIFICATE_VERIFY_FAILED] certificate verify failed: Hostname mismatch, certificate is not valid for '%3Cpod%3E-8000.proxy.runpod.net'. (_ssl.c:1028)"
summary,0,,0.0929,0,0,"[SSL: CERTIFICATE_VERIFY_FAILED] certificate verify failed: Hostname mismatch, certificate is not valid for '%3Cpod%3E-8000.proxy.runpod.net'. (_ssl.c:1028)"
chat,0,,0.0926,0,0,"[SSL: CERTIFICATE_VERIFY_FAILED] certificate verify failed: Hostname mismatch, certificate is not valid for '%3Cpod%3E-8000.proxy.runpod.net'. (_ssl.c:1028)"
stream,0,,0.0914,0,0,"[SSL: CERTIFICATE_VERIFY_FAILED] certificate verify failed: Hostname mismatch, certificate is not valid for '%3Cpod%3E-8000.proxy.runpod.net'. (_ssl.c:1028)"
summary,0,,0.0893,0,0,"[SSL: CERTIFICATE_VERIFY_FAILED] certificate verify failed: Hostname mismatch, certificate is not valid for '%3Cpod%3E-8000.proxy.runpod.net'. (_ssl.c:1028)"
summary,0,,0.0876,0,0,"[SSL: CERTIFICATE_VERIFY_FAILED] certificate verify failed: Hostname mismatch, certificate is not valid for '%3Cpod%3E-8000.proxy.runpod.net'. (_ssl.c:1028)"
chat,0,,0.0916,0,0,"[SSL: CERTIFICATE_VERIFY_FAILED] certificate verify failed: Hostname mismatch, certificate is not valid for '%3Cpod%3E-8000.proxy.runpod.net'. (_ssl.c:1028)"
chat,0,,0.0889,0,0,"[SSL: CERTIFICATE_VERIFY_FAILED] certificate verify failed: Hostname mismatch, certificate is not valid for '%3Cpod%3E-8000.proxy.runpod.net'. (_ssl.c:1028)"
chat,0,,0.1043,0,0,"[SSL: CERTIFICATE_VERIFY_FAILED] certificate verify failed: Hostname mismatch, certificate is not valid for '%3Cpod%3E-8000.proxy.runpod.net'. (_ssl.c:1028)"
chat,0,,0.0909,0,0,"[SSL: CERTIFICATE_VERIFY_FAILED] certificate verify failed: Hostname mismatch, certificate is not valid for '%3Cpod%3E-8000.proxy.runpod.net'. (_ssl.c:1028)"
chat,0,,0.0967,0,0,"[SSL: CERTIFICATE_VERIFY_FAILED] certificate verify failed: Hostname mismatch, certificate is not valid for '%3Cpod%3E-8000.proxy.runpod.net'. (_ssl.c:1028)"
stream,0,,0.1345,0,0,"[SSL: CERTIFICATE_VERIFY_FAILED] certificate verify failed: Hostname mismatch, certificate is not valid for '%3Cpod%3E-8000.proxy.runpod.net'. (_ssl.c:1028)"
chat,0,,0.0935,0,0,"[SSL: CERTIFICATE_VERIFY_FAILED] certificate verify failed: Hostname mismatch, certificate is not valid for '%3Cpod%3E-8000.proxy.runpod.net'. (_ssl.c:1028)"
stream,0,,0.3660,0,0,"[SSL: CERTIFICATE_VERIFY_FAILED] certificate verify failed: Hostname mismatch, certificate is not valid for '%3Cpod%3E-8000.proxy.runpod.net'. (_ssl.c:1028)"
chat,0,,0.0963,0,0,"[SSL: CERTIFICATE_VERIFY_FAILED] certificate verify failed: Hostname mismatch, certificate is not valid for '%3Cpod%3E-8000.proxy.runpod.net'. (_ssl.c:1028)"
summary,0,,0.0955,0,0,"[SSL: CERTIFICATE_VERIFY_FAILED] certificate verify failed: Hostname mismatch, certificate is not valid for '%3Cpod%3E-8000.proxy.runpod.net'. (_ssl.c:1028)"
health,0,,0.0994,0,0,"[SSL: CERTIFICATE_VERIFY_FAILED] certificate verify failed: Hostname mismatch, certificate is not valid for '%3Cpod%3E-8000.proxy.runpod.net'. (_ssl.c:1028)"
summary,0,,0.1253,0,0,"[SSL: CERTIFICATE_VERIFY_FAILED] certificate verify failed: Hostname mismatch, certificate is not valid for '%3Cpod%3E-8000.proxy.runpod.net'. (_ssl.c:1028)"
summary,0,,0.1188,0,0,"[SSL: CERTIFICATE_VERIFY_FAILED] certificate verify failed: Hostname mismatch, certificate is not valid for '%3Cpod%3E-8000.proxy.runpod.net'. (_ssl.c:1028)"
chat,0,,0.0893,0,0,"[SSL: CERTIFICATE_VERIFY_FAILED] certificate verify failed: Hostname mismatch, certificate is not valid for '%3Cpod%3E-8000.proxy.runpod.net'. (_ssl.c:1028)"
chat,0,,0.0887,0,0,"[SSL: CERTIFICATE_VERIFY_FAILED] certificate verify failed: Hostname mismatch, certificate is not valid for '%3Cpod%3E-8000.proxy.runpod.net'. (_ssl.c:1028)"
chat,0,,0.0959,0,0,"[SSL: CERTIFICATE_VERIFY_FAILED] certificate verify failed: Hostname mismatch, certificate is not valid for '%3Cpod%3E-8000.proxy.runpod.net'. (_ssl.c:1028)"
stream,0,,0.0919,0,0,"[SSL: CERTIFICATE_VERIFY_FAILED] certificate verify failed: Hostname mismatch, certificate is not valid for '%3Cpod%3E-8000.proxy.runpod.net'. (_ssl.c:1028)"
chat,0,,0.0878,0,0,"[SSL: CERTIFICATE_VERIFY_FAILED] certificate verify failed: Hostname mismatch, certificate is not valid for '%3Cpod%3E-8000.proxy.runpod.net'. (_ssl.c:1028)"
summary,0,,0.1089,0,0,"[SSL: CERTIFICATE_VERIFY_FAILED] certificate verify failed: Hostname mismatch, certificate is not valid for '%3Cpod%3E-8000.proxy.runpod.net'. (_ssl.c:1028)"
summary,0,,0.0974,0,0,"[SSL: CERTIFICATE_VERIFY_FAILED] certificate verify failed: Hostname mismatch, certificate is not valid for '%3Cpod%3E-8000.proxy.runpod.net'. (_ssl.c:1028)"
chat,0,,0.1044,0,0,"[SSL: CERTIFICATE_VERIFY_FAILED] certificate verify failed: Hostname mismatch, certificate is not valid for '%3Cpod%3E-8000.proxy.runpod.net'. (_ssl.c:1028)"
chat,0,,0.1411,0,0,"[SSL: CERTIFICATE_VERIFY_FAILED] certificate verify failed: Hostname mismatch, certificate is not valid for '%3Cpod%3E-8000.proxy.runpod.net'. (_ssl.c:1028)"
stream,0,,0.2295,0,0,"[SSL: CERTIFICATE_VERIFY_FAILED] certificate verify failed: Hostname mismatch, certificate is not valid for '%3Cpod%3E-8000.proxy.runpod.net'. (_ssl.c:1028)"
chat,0,,0.1020,0,0,"[SSL: CERTIFICATE_VERIFY_FAILED] certificate verify failed: Hostname mismatch, certificate is not valid for '%3Cpod%3E-8000.proxy.runpod.net'. (_ssl.c:1028)"
chat,0,,0.0880,0,0,"[SSL: CERTIFICATE_VERIFY_FAILED] certificate verify failed: Hostname mismatch, certificate is not valid for '%3Cpod%3E-8000.proxy.runpod.net'. (_ssl.c:1028)"
chat,0,,0.0909,0,0,"[SSL: CERTIFICATE_VERIFY_FAILED] certificate verify failed: Hostname mismatch, certificate is not valid for '%3Cpod%3E-8000.proxy.runpod.net'. (_ssl.c:1028)"
summary,0,,0.0973,0,0,"[SSL: CERTIFICATE_VERIFY_FAILED] certificate verify failed: Hostname mismatch, certificate is not valid for '%3Cpod%3E-8000.proxy.runpod.net'. (_ssl.c:1028)"
stream,0,,0.0915,0,0,"[SSL: CERTIFICATE_VERIFY_FAILED] certificate verify failed: Hostname mismatch, certificate is not valid for '%3Cpod%3E-8000.proxy.runpod.net'. (_ssl.c:1028)"
health,0,,0.0923,0,0,"[SSL: CERTIFICATE_VERIFY_FAILED] certificate verify failed: Hostname mismatch, certificate is not valid for '%3Cpod%3E-8000.proxy.runpod.net'. (_ssl.c:1028)"
chat,0,,0.0913,0,0,"[SSL: CERTIFICATE_VERIFY_FAILED] certificate verify failed: Hostname mismatch, certificate is not valid for '%3Cpod%3E-8000.proxy.runpod.net'. (_ssl.c:1028)"
summary,0,,0.1044,0,0,"[SSL: CERTIFICATE_VERIFY_FAILED] certificate verify failed: Hostname mismatch, certificate is not valid for '%3Cpod%3E-8000.proxy.runpod.net'. (_ssl.c:1028)"
stream,0,,0.0895,0,0,"[SSL: CERTIFICATE_VERIFY_FAILED] certificate verify failed: Hostname mismatch, certificate is not valid for '%3Cpod%3E-8000.proxy.runpod.net'. (_ssl.c:1028)"
chat,0,,0.1005,0,0,"[SSL: CERTIFICATE_VERIFY_FAILED] certificate verify failed: Hostname mismatch, certificate is not valid for '%3Cpod%3E-8000.proxy.runpod.net'. (_ssl.c:1028)"
chat,0,,0.1102,0,0,"[SSL: CERTIFICATE_VERIFY_FAILED] certificate verify failed: Hostname mismatch, certificate is not valid for '%3Cpod%3E-8000.proxy.runpod.net'. (_ssl.c:1028)"
chat,0,,0.0913,0,0,"[SSL: CERTIFICATE_VERIFY_FAILED] certificate verify failed: Hostname mismatch, certificate is not valid for '%3Cpod%3E-8000.proxy.runpod.net'. (_ssl.c:1028)"
chat,0,,0.1031,0,0,"[SSL: CERTIFICATE_VERIFY_FAILED] certificate verify failed: Hostname mismatch, certificate is not valid for '%3Cpod%3E-8000.proxy.runpod.net'. (_ssl.c:1028)"
chat,0,,0.0910,0,0,"[SSL: CERTIFICATE_VERIFY_FAILED] certificate verify failed: Hostname mismatch, certificate is not valid for '%3Cpod%3E-8000.proxy.runpod.net'. (_ssl.c:1028)"
stream,0,,0.0936,0,0,"[SSL: CERTIFICATE_VERIFY_FAILED] certificate verify failed: Hostname mismatch, certificate is not valid for '%3Cpod%3E-8000.proxy.runpod.net'. (_ssl.c:1028)"
chat,0,,0.0958,0,0,"[SSL: CERTIFICATE_VERIFY_FAILED] certificate verify failed: Hostname mismatch, certificate is not valid for '%3Cpod%3E-8000.proxy.runpod.net'. (_ssl.c:1028)"
chat,0,,0.0917,0,0,"[SSL: CERTIFICATE_VERIFY_FAILED] certificate verify failed: Hostname mismatch, certificate is not valid for '%3Cpod%3E-8000.proxy.runpod.net'. (_ssl.c:1028)"
stream,0,,0.1101,0,0,"[SSL: CERTIFICATE_VERIFY_FAILED] certificate verify failed: Hostname mismatch, certificate is not valid for '%3Cpod%3E-8000.proxy.runpod.net'. (_ssl.c:1028)"
stream,0,,0.1001,0,0,"[SSL: CERTIFICATE_VERIFY_FAILED] certificate verify failed: Hostname mismatch, certificate is not valid for '%3Cpod%3E-8000.proxy.runpod.net'. (_ssl.c:1028)"
summary,0,,0.1048,0,0,"[SSL: CERTIFICATE_VERIFY_FAILED] certificate verify failed: Hostname mismatch, certificate is not valid for '%3Cpod%3E-8000.proxy.runpod.net'. (_ssl.c:1028)"
stream,0,,0.0877,0,0,"[SSL: CERTIFICATE_VERIFY_FAILED] certificate verify failed: Hostname mismatch, certificate is not valid for '%3Cpod%3E-8000.proxy.runpod.net'. (_ssl.c:1028)"
stream,0,,0.0914,0,0,"[SSL: CERTIFICATE_VERIFY_FAILED] certificate verify failed: Hostname mismatch, certificate is not valid for '%3Cpod%3E-8000.proxy.runpod.net'. (_ssl.c:1028)"
stream,0,,0.0918,0,0,"[SSL: CERTIFICATE_VERIFY_FAILED] certificate verify failed: Hostname mismatch, certificate is not valid for '%3Cpod%3E-8000.proxy.runpod.net'. (_ssl.c:1028)"
chat,0,,0.0930,0,0,"[SSL: CERTIFICATE_VERIFY_FAILED] certificate verify failed: Hostname mismatch, certificate is not valid for '%3Cpod%3E-8000.proxy.runpod.net'. (_ssl.c:1028)"
stream,0,,0.0918,0,0,"[SSL: CERTIFICATE_VERIFY_FAILED] certificate verify failed: Hostname mismatch, certificate is not valid for '%3Cpod%3E-8000.proxy.runpod.net'. (_ssl.c:1028)"
chat,0,,0.1186,0,0,"[SSL: CERTIFICATE_VERIFY_FAILED] certificate verify failed: Hostname mismatch, certificate is not valid for '%3Cpod%3E-8000.proxy.runpod.net'. (_ssl.c:1028)"
health,0,,0.0959,0,0,"[SSL: CERTIFICATE_VERIFY_FAILED] certificate verify failed: Hostname mismatch, certificate is not valid for '%3Cpod%3E-8000.proxy.runpod.net'. (_ssl.c:1028)"
chat,0,,0.0910,0,0,"[SSL: CERTIFICATE_VERIFY_FAILED] certificate verify failed: Hostname mismatch, certificate is not valid for '%3Cpod%3E-8000.proxy.runpod.net'. (_ssl.c:1028)"
chat,0,,0.1021,0,0,"[SSL: CERTIFICATE_VERIFY_FAILED] certificate verify failed: Hostname mismatch, certificate is not valid for '%3Cpod%3E-8000.proxy.runpod.net'. (_ssl.c:1028)"
summary,0,,0.0995,0,0,"[SSL: CERTIFICATE_VERIFY_FAILED] certificate verify failed: Hostname mismatch, certificate is not valid for '%3Cpod%3E-8000.proxy.runpod.net'. (_ssl.c:1028)"
chat,0,,0.1021,0,0,"[SSL: CERTIFICATE_VERIFY_FAILED] certificate verify failed: Hostname mismatch, certificate is not valid for '%3Cpod%3E-8000.proxy.runpod.net'. (_ssl.c:1028)"
chat,0,,0.0898,0,0,"[SSL: CERTIFICATE_VERIFY_FAILED] certificate verify failed: Hostname mismatch, certificate is not valid for '%3Cpod%3E-8000.proxy.runpod.net'. (_ssl.c:1028)"
chat,0,,0.0925,0,0,"[SSL: CERTIFICATE_VERIFY_FAILED] certificate verify failed: Hostname mismatch, certificate is not valid for '%3Cpod%3E-8000.proxy.runpod.net'. (_ssl.c:1028)"
stream,0,,0.0972,0,0,"[SSL: CERTIFICATE_VERIFY_FAILED] certificate verify failed: Hostname mismatch, certificate is not valid for '%3Cpod%3E-8000.proxy.runpod.net'. (_ssl.c:1028)"
chat,0,,0.1028,0,0,"[SSL: CERTIFICATE_VERIFY_FAILED] certificate verify failed: Hostname mismatch, certificate is not valid for '%3Cpod%3E-8000.proxy.runpod.net'. (_ssl.c:1028)"
summary,0,,0.0953,0,0,"[SSL: CERTIFICATE_VERIFY_FAILED] certificate verify failed: Hostname mismatch, certificate is not valid for '%3Cpod%3E-8000.proxy.runpod.net'. (_ssl.c:1028)"
stream,0,,0.1144,0,0,"[SSL: CERTIFICATE_VERIFY_FAILED] certificate verify failed: Hostname mismatch, certificate is not valid for '%3Cpod%3E-8000.proxy.runpod.net'. (_ssl.c:1028)"
chat,0,,0.1118,0,0,"[SSL: CERTIFICATE_VERIFY_FAILED] certificate verify failed: Hostname mismatch, certificate is not valid for '%3Cpod%3E-8000.proxy.runpod.net'. (_ssl.c:1028)"
stream,0,,0.0996,0,0,"[SSL: CERTIFICATE_VERIFY_FAILED] certificate verify failed: Hostname mismatch, certificate is not valid for '%3Cpod%3E-8000.proxy.runpod.net'. (_ssl.c:1028)"
chat,0,,0.1000,0,0,"[SSL: CERTIFICATE_VERIFY_FAILED] certificate verify failed: Hostname mismatch, certificate is not valid for '%3Cpod%3E-8000.proxy.runpod.net'. (_ssl.c:1028)"
chat,0,,0.0888,0,0,"[SSL: CERTIFICATE_VERIFY_FAILED] certificate verify failed: Hostname mismatch, certificate is not valid for '%3Cpod%3E-8000.proxy.runpod.net'. (_ssl.c:1028)"
summary,0,,0.1001,0,0,"[SSL: CERTIFICATE_VERIFY_FAILED] certificate verify failed: Hostname mismatch, certificate is not valid for '%3Cpod%3E-8000.proxy.runpod.net'. (_ssl.c:1028)"
chat,0,,0.0877,0,0,"[SSL: CERTIFICATE_VERIFY_FAILED] certificate verify failed: Hostname mismatch, certificate is not valid for '%3Cpod%3E-8000.proxy.runpod.net'. (_ssl.c:1028)"
stream,0,,0.0918,0,0,"[SSL: CERTIFICATE_VERIFY_FAILED] certificate verify failed: Hostname mismatch, certificate is not valid for '%3Cpod%3E-8000.proxy.runpod.net'. (_ssl.c:1028)"
chat,0,,0.1024,0,0,"[SSL: CERTIFICATE_VERIFY_FAILED] certificate verify failed: Hostname mismatch, certificate is not valid for '%3Cpod%3E-8000.proxy.runpod.net'. (_ssl.c:1028)"
stream,0,,0.0899,0,0,"[SSL: CERTIFICATE_VERIFY_FAILED] certificate verify failed: Hostname mismatch, certificate is not valid for '%3Cpod%3E-8000.proxy.runpod.net'. (_ssl.c:1028)"
summary,0,,0.0975,0,0,"[SSL: CERTIFICATE_VERIFY_FAILED] certificate verify failed: Hostname mismatch, certificate is not valid for '%3Cpod%3E-8000.proxy.runpod.net'. (_ssl.c:1028)"
chat,0,,0.0949,0,0,"[SSL: CERTIFICATE_VERIFY_FAILED] certificate verify failed: Hostname mismatch, certificate is not valid for '%3Cpod%3E-8000.proxy.runpod.net'. (_ssl.c:1028)"
health,0,,0.0993,0,0,"[SSL: CERTIFICATE_VERIFY_FAILED] certificate verify failed: Hostname mismatch, certificate is not valid for '%3Cpod%3E-8000.proxy.runpod.net'. (_ssl.c:1028)"
summary,0,,0.1060,0,0,"[SSL: CERTIFICATE_VERIFY_FAILED] certificate verify failed: Hostname mismatch, certificate is not valid for '%3Cpod%3E-8000.proxy.runpod.net'. (_ssl.c:1028)"
stream,0,,0.0952,0,0,"[SSL: CERTIFICATE_VERIFY_FAILED] certificate verify failed: Hostname mismatch, certificate is not valid for '%3Cpod%3E-8000.proxy.runpod.net'. (_ssl.c:1028)"
chat,0,,0.0897,0,0,"[SSL: CERTIFICATE_VERIFY_FAILED] certificate verify failed: Hostname mismatch, certificate is not valid for '%3Cpod%3E-8000.proxy.runpod.net'. (_ssl.c:1028)"
stream,0,,0.0873,0,0,"[SSL: CERTIFICATE_VERIFY_FAILED] certificate verify failed: Hostname mismatch, certificate is not valid for '%3Cpod%3E-8000.proxy.runpod.net'. (_ssl.c:1028)"
chat,0,,0.0951,0,0,"[SSL: CERTIFICATE_VERIFY_FAILED] certificate verify failed: Hostname mismatch, certificate is not valid for '%3Cpod%3E-8000.proxy.runpod.net'. (_ssl.c:1028)"
chat,0,,0.0929,0,0,"[SSL: CERTIFICATE_VERIFY_FAILED] certificate verify failed: Hostname mismatch, certificate is not valid for '%3Cpod%3E-8000.proxy.runpod.net'. (_ssl.c:1028)"
chat,0,,0.0997,0,0,"[SSL: CERTIFICATE_VERIFY_FAILED] certificate verify failed: Hostname mismatch, certificate is not valid for '%3Cpod%3E-8000.proxy.runpod.net'. (_ssl.c:1028)"
chat,0,,0.0913,0,0,"[SSL: CERTIFICATE_VERIFY_FAILED] certificate verify failed: Hostname mismatch, certificate is not valid for '%3Cpod%3E-8000.proxy.runpod.net'. (_ssl.c:1028)"
summary,0,,0.0914,0,0,"[SSL: CERTIFICATE_VERIFY_FAILED] certificate verify failed: Hostname mismatch, certificate is not valid for '%3Cpod%3E-8000.proxy.runpod.net'. (_ssl.c:1028)"
stream,0,,0.0960,0,0,"[SSL: CERTIFICATE_VERIFY_FAILED] certificate verify failed: Hostname mismatch, certificate is not valid for '%3Cpod%3E-8000.proxy.runpod.net'. (_ssl.c:1028)"
stream,0,,0.0984,0,0,"[SSL: CERTIFICATE_VERIFY_FAILED] certificate verify failed: Hostname mismatch, certificate is not valid for '%3Cpod%3E-8000.proxy.runpod.net'. (_ssl.c:1028)"
stream,0,,0.0998,0,0,"[SSL: CERTIFICATE_VERIFY_FAILED] certificate verify failed: Hostname mismatch, certificate is not valid for '%3Cpod%3E-8000.proxy.runpod.net'. (_ssl.c:1028)"
stream,0,,0.1002,0,0,"[SSL: CERTIFICATE_VERIFY_FAILED] certificate verify failed: Hostname mismatch, certificate is not valid for '%3Cpod%3E-8000.proxy.runpod.net'. (_ssl.c:1028)"
stream,0,,0.0885,0,0,"[SSL: CERTIFICATE_VERIFY_FAILED] certificate verify failed: Hostname mismatch, certificate is not valid for '%3Cpod%3E-8000.proxy.runpod.net'. (_ssl.c:1028)"
summary,0,,0.0933,0,0,"[SSL: CERTIFICATE_VERIFY_FAILED] certificate verify failed: Hostname mismatch, certificate is not valid for '%3Cpod%3E-8000.proxy.runpod.net'. (_ssl.c:1028)"
stream,0,,0.1019,0,0,"[SSL: CERTIFICATE_VERIFY_FAILED] certificate verify failed: Hostname mismatch, certificate is not valid for '%3Cpod%3E-8000.proxy.runpod.net'. (_ssl.c:1028)"
chat,0,,0.0909,0,0,"[SSL: CERTIFICATE_VERIFY_FAILED] certificate verify failed: Hostname mismatch, certificate is not valid for '%3Cpod%3E-8000.proxy.runpod.net'. (_ssl.c:1028)"
chat,0,,0.0923,0,0,"[SSL: CERTIFICATE_VERIFY_FAILED] certificate verify failed: Hostname mismatch, certificate is not valid for '%3Cpod%3E-8000.proxy.runpod.net'. (_ssl.c:1028)"
chat,0,,0.1150,0,0,"[SSL: CERTIFICATE_VERIFY_FAILED] certificate verify failed: Hostname mismatch, certificate is not valid for '%3Cpod%3E-8000.proxy.runpod.net'. (_ssl.c:1028)"
chat,0,,0.1150,0,0,"[SSL: CERTIFICATE_VERIFY_FAILED] certificate verify failed: Hostname mismatch, certificate is not valid for '%3Cpod%3E-8000.proxy.runpod.net'. (_ssl.c:1028)"
chat,0,,0.0865,0,0,"[SSL: CERTIFICATE_VERIFY_FAILED] certificate verify failed: Hostname mismatch, certificate is not valid for '%3Cpod%3E-8000.proxy.runpod.net'. (_ssl.c:1028)"
chat,0,,0.0881,0,0,"[SSL: CERTIFICATE_VERIFY_FAILED] certificate verify failed: Hostname mismatch, certificate is not valid for '%3Cpod%3E-8000.proxy.runpod.net'. (_ssl.c:1028)"
stream,0,,0.0948,0,0,"[SSL: CERTIFICATE_VERIFY_FAILED] certificate verify failed: Hostname mismatch, certificate is not valid for '%3Cpod%3E-8000.proxy.runpod.net'. (_ssl.c:1028)"
health,0,,0.1060,0,0,"[SSL: CERTIFICATE_VERIFY_FAILED] certificate verify failed: Hostname mismatch, certificate is not valid for '%3Cpod%3E-8000.proxy.runpod.net'. (_ssl.c:1028)"
summary,0,,0.1190,0,0,"[SSL: CERTIFICATE_VERIFY_FAILED] certificate verify failed: Hostname mismatch, certificate is not valid for '%3Cpod%3E-8000.proxy.runpod.net'. (_ssl.c:1028)"
summary,0,,0.0932,0,0,"[SSL: CERTIFICATE_VERIFY_FAILED] certificate verify failed: Hostname mismatch, certificate is not valid for '%3Cpod%3E-8000.proxy.runpod.net'. (_ssl.c:1028)"
summary,0,,0.0937,0,0,"[SSL: CERTIFICATE_VERIFY_FAILED] certificate verify failed: Hostname mismatch, certificate is not valid for '%3Cpod%3E-8000.proxy.runpod.net'. (_ssl.c:1028)"
stream,0,,0.0879,0,0,"[SSL: CERTIFICATE_VERIFY_FAILED] certificate verify failed: Hostname mismatch, certificate is not valid for '%3Cpod%3E-8000.proxy.runpod.net'. (_ssl.c:1028)"
stream,0,,0.0896,0,0,"[SSL: CERTIFICATE_VERIFY_FAILED] certificate verify failed: Hostname mismatch, certificate is not valid for '%3Cpod%3E-8000.proxy.runpod.net'. (_ssl.c:1028)"
stream,0,,0.0957,0,0,"[SSL: CERTIFICATE_VERIFY_FAILED] certificate verify failed: Hostname mismatch, certificate is not valid for '%3Cpod%3E-8000.proxy.runpod.net'. (_ssl.c:1028)"
stream,0,,0.0991,0,0,"[SSL: CERTIFICATE_VERIFY_FAILED] certificate verify failed: Hostname mismatch, certificate is not valid for '%3Cpod%3E-8000.proxy.runpod.net'. (_ssl.c:1028)"
summary,0,,0.0899,0,0,"[SSL: CERTIFICATE_VERIFY_FAILED] certificate verify failed: Hostname mismatch, certificate is not valid for '%3Cpod%3E-8000.proxy.runpod.net'. (_ssl.c:1028)"
